"initial";"final";"count";"time";"imp";"inum";"n";"w";"solver";"sample"
"32309347";"1998218";"NA";"3.47051310539";"16.1690801504";"4";"1";"1";"rvnd_no_df";"93"
"7830945";"1003793";"NA";"1.29230594635";"7.80135446252";"1";"1";"1";"rvnd_no_df";"39"
"274833328";"14548855";"NA";"6.16193199158";"18.8903750845";"5";"1";"1";"rvnd_no_df";"1"
"33563336";"2028804";"NA";"3.66713905334";"16.5434098119";"4";"1";"1";"rvnd_no_df";"23"
"795146";"145816";"NA";"1.22956085205";"5.45307785154";"0";"1";"1";"rvnd_no_df";"30"
"132032693";"5605122";"NA";"20.0631129742";"23.5557215347";"7";"1";"1";"rvnd_no_df";"2"
"189354110";"7166545";"NA";"2.00768494606";"26.4219522797";"2";"1";"1";"rvnd_no_df";"56"
"126900595";"5623596";"NA";"18.8624880314";"22.565738186";"7";"1";"1";"rvnd_no_df";"89"
"128347907";"5628539";"NA";"20.9004318714";"22.8030590176";"7";"1";"1";"rvnd_no_df";"4"
"90203476";"6185883";"NA";"2.28188920021";"14.5821503575";"3";"1";"1";"rvnd_no_df";"31"
"272758998";"14645706";"NA";"6.61591792107";"18.623820388";"5";"1";"1";"rvnd_no_df";"42"
"92102857";"6014596";"NA";"2.28019213676";"15.3132241966";"3";"1";"1";"rvnd_no_df";"89"
"32404595";"2029375";"NA";"4.21983194351";"15.9677708654";"4";"1";"1";"rvnd_no_df";"79"
"291373817";"14450011";"NA";"7.41954016685";"20.1642626431";"5";"1";"1";"rvnd_no_df";"11"
"195013981";"6475450";"NA";"2.15477919579";"30.115896347";"2";"1";"1";"rvnd_no_df";"23"
"200782065";"7535505";"NA";"1.84194111824";"26.6448054908";"2";"1";"1";"rvnd_no_df";"74"
"130118212";"5571828";"NA";"19.2174620628";"23.3528766502";"7";"1";"1";"rvnd_no_df";"99"
"92308911";"6104816";"NA";"2.17599201202";"15.1206704674";"3";"1";"1";"rvnd_no_df";"20"
"277458767";"14417139";"NA";"6.74277806282";"19.2450642947";"5";"1";"1";"rvnd_no_df";"35"
"277042328";"14221154";"NA";"6.40572786331";"19.4810018934";"5";"1";"1";"rvnd_no_df";"46"
"71488311";"3379509";"NA";"9.45241999626";"21.1534607542";"6";"1";"1";"rvnd_no_df";"43"
"95222125";"6200290";"NA";"2.23669505119";"15.3576889146";"3";"1";"1";"rvnd_no_df";"65"
"131779243";"5588521";"NA";"20.1890659332";"23.5803431713";"7";"1";"1";"rvnd_no_df";"25"
"269316563";"14817355";"NA";"6.52571702003";"18.1757515427";"5";"1";"1";"rvnd_no_df";"2"
"277015440";"14077210";"NA";"6.86856389046";"19.678291366";"5";"1";"1";"rvnd_no_df";"15"
"6932559";"1031118";"NA";"1.24344491959";"6.72334204233";"1";"1";"1";"rvnd_no_df";"22"
"8546351";"1035388";"NA";"1.33740210533";"8.25424961464";"1";"1";"1";"rvnd_no_df";"29"
"131637624";"5545909";"NA";"19.0461621284";"23.7359870131";"7";"1";"1";"rvnd_no_df";"1"
"32638701";"2059771";"NA";"3.56595897675";"15.8457911098";"4";"1";"1";"rvnd_no_df";"39"
"727647";"160691";"NA";"1.19819402695";"4.52823742462";"0";"1";"1";"rvnd_no_df";"84"
"809125";"152876";"NA";"1.24975800514";"5.29268819174";"0";"1";"1";"rvnd_no_df";"70"
"71193278";"3343962";"NA";"11.3578059673";"21.2900977942";"6";"1";"1";"rvnd_no_df";"87"
"286919425";"14585699";"NA";"6.6197218895";"19.6712838377";"5";"1";"1";"rvnd_no_df";"21"
"277025990";"14404015";"NA";"6.27503299713";"19.2325535623";"5";"1";"1";"rvnd_no_df";"18"
"198934100";"7051302";"NA";"2.54644298553";"28.2123925482";"2";"1";"1";"rvnd_no_df";"27"
"701222";"141195";"NA";"1.20011305809";"4.96633733489";"0";"1";"1";"rvnd_no_df";"96"
"130615257";"5593571";"NA";"22.3815600872";"23.3509607726";"7";"1";"1";"rvnd_no_df";"94"
"8041753";"1019382";"NA";"1.34424185753";"7.88885128441";"1";"1";"1";"rvnd_no_df";"4"
"7839217";"986919";"NA";"1.43781495094";"7.94312096535";"1";"1";"1";"rvnd_no_df";"26"
"287407618";"14645138";"NA";"6.99638700485";"19.6247804561";"5";"1";"1";"rvnd_no_df";"72"
"32947869";"2007186";"NA";"3.91529607773";"16.4149555647";"4";"1";"1";"rvnd_no_df";"81"
"283182931";"14246896";"NA";"6.35913300514";"19.8768160447";"5";"1";"1";"rvnd_no_df";"89"
"131137151";"5711267";"NA";"21.75948596";"22.9611312166";"7";"1";"1";"rvnd_no_df";"84"
"33002392";"2007020";"NA";"3.89403605461";"16.4434793874";"4";"1";"1";"rvnd_no_df";"69"
"33919811";"2010713";"NA";"4.02165794373";"16.8695437887";"4";"1";"1";"rvnd_no_df";"5"
"129455132";"5607463";"NA";"20.9509940147";"23.0862213447";"7";"1";"1";"rvnd_no_df";"20"
"128837744";"5538779";"NA";"21.7079629898";"23.2610371347";"7";"1";"1";"rvnd_no_df";"72"
"196097833";"6930882";"NA";"2.12240004539";"28.2933446277";"2";"1";"1";"rvnd_no_df";"97"
"180136475";"7491688";"NA";"2.23162698746";"24.0448447666";"2";"1";"1";"rvnd_no_df";"46"
"130416291";"5632079";"NA";"23.4844269753";"23.1559768604";"7";"1";"1";"rvnd_no_df";"81"
"721524";"142585";"NA";"1.20902395248";"5.06030788652";"0";"1";"1";"rvnd_no_df";"78"
"290341907";"14527205";"NA";"6.59284210205";"19.9860817687";"5";"1";"1";"rvnd_no_df";"88"
"186476109";"6650445";"NA";"2.03430604935";"28.0396438133";"2";"1";"1";"rvnd_no_df";"63"
"93238729";"6147982";"NA";"2.26035881042";"15.1657452803";"3";"1";"1";"rvnd_no_df";"73"
"703063";"153883";"NA";"1.26274991035";"4.56881526874";"0";"1";"1";"rvnd_no_df";"98"
"68859306";"3393972";"NA";"9.0303580761";"20.2887077442";"6";"1";"1";"rvnd_no_df";"32"
"198926704";"6513487";"NA";"2.29908800125";"30.5407386243";"2";"1";"1";"rvnd_no_df";"65"
"189367196";"6576343";"NA";"1.95006084442";"28.7952127801";"2";"1";"1";"rvnd_no_df";"78"
"274866680";"14525266";"NA";"6.2220480442";"18.923349149";"5";"1";"1";"rvnd_no_df";"86"
"97344090";"6036581";"NA";"2.32045888901";"16.125699299";"3";"1";"1";"rvnd_no_df";"16"
"176262687";"6507805";"NA";"2.03523588181";"27.0848138504";"2";"1";"1";"rvnd_no_df";"36"
"822793";"142064";"NA";"1.22152304649";"5.79170655479";"0";"1";"1";"rvnd_no_df";"56"
"921745";"144929";"NA";"1.19872403145";"6.35997626424";"0";"1";"1";"rvnd_no_df";"82"
"132266728";"5580244";"NA";"20.8897149563";"23.7026782341";"7";"1";"1";"rvnd_no_df";"28"
"67375316";"3474079";"NA";"8.66248202324";"19.3937201773";"6";"1";"1";"rvnd_no_df";"80"
"8453502";"996565";"NA";"1.39968395233";"8.48263986795";"1";"1";"1";"rvnd_no_df";"42"
"199300948";"7144492";"NA";"2.12588715553";"27.8957479412";"2";"1";"1";"rvnd_no_df";"2"
"33493255";"1984562";"NA";"4.47240114212";"16.8769002934";"4";"1";"1";"rvnd_no_df";"94"
"759161";"141522";"NA";"1.28350806236";"5.36426138692";"0";"1";"1";"rvnd_no_df";"95"
"186539020";"7153435";"NA";"3.30192399025";"26.0768455994";"2";"1";"1";"rvnd_no_df";"11"
"71005165";"3404545";"NA";"9.39406299591";"20.8559925041";"6";"1";"1";"rvnd_no_df";"25"
"132443169";"5541514";"NA";"21.2265048027";"23.900177641";"7";"1";"1";"rvnd_no_df";"63"
"697808";"171215";"NA";"1.18613004684";"4.07562421517";"0";"1";"1";"rvnd_no_df";"44"
"626244";"138522";"NA";"1.22203683853";"4.52089920735";"0";"1";"1";"rvnd_no_df";"65"
"128428515";"5626476";"NA";"19.9496021271";"22.8257465241";"7";"1";"1";"rvnd_no_df";"22"
"288822314";"14551481";"NA";"5.88163614273";"19.8483105603";"5";"1";"1";"rvnd_no_df";"73"
"271379398";"14432931";"NA";"6.76372504234";"18.8027918931";"5";"1";"1";"rvnd_no_df";"98"
"8253804";"1030548";"NA";"1.30355286598";"8.00914076782";"1";"1";"1";"rvnd_no_df";"2"
"71844176";"3406366";"NA";"11.1560559273";"21.0911499234";"6";"1";"1";"rvnd_no_df";"64"
"32429080";"2032397";"NA";"4.10375785828";"15.9560755108";"4";"1";"1";"rvnd_no_df";"66"
"95232431";"6145607";"NA";"2.2352669239";"15.4960170737";"3";"1";"1";"rvnd_no_df";"75"
"682061";"142076";"NA";"1.22165989876";"4.8006771024";"0";"1";"1";"rvnd_no_df";"2"
"131539533";"5646066";"NA";"22.2534470558";"23.2975549701";"7";"1";"1";"rvnd_no_df";"87"
"94801472";"5988703";"NA";"2.58309388161";"15.8300506804";"3";"1";"1";"rvnd_no_df";"92"
"7708198";"1031731";"NA";"1.36402797699";"7.47113152556";"1";"1";"1";"rvnd_no_df";"18"
"273138254";"14314537";"NA";"7.07502198219";"19.0811797825";"5";"1";"1";"rvnd_no_df";"85"
"8063423";"1083030";"NA";"1.29753398895";"7.44524436073";"1";"1";"1";"rvnd_no_df";"65"
"188608619";"6849529";"NA";"2.10188698769";"27.5359983146";"2";"1";"1";"rvnd_no_df";"1"
"31493698";"1993117";"NA";"3.8807580471";"15.8012289294";"4";"1";"1";"rvnd_no_df";"99"
"773700";"143584";"NA";"1.17342996597";"5.38848339648";"0";"1";"1";"rvnd_no_df";"85"
"69273920";"3355036";"NA";"10.6097409725";"20.647742677";"6";"1";"1";"rvnd_no_df";"8"
"835057";"153430";"NA";"1.17098402977";"5.44259271329";"0";"1";"1";"rvnd_no_df";"14"
"291788862";"14518162";"NA";"5.75803995132";"20.0981957633";"5";"1";"1";"rvnd_no_df";"75"
"32174682";"2011478";"NA";"3.62639689445";"15.9955425811";"4";"1";"1";"rvnd_no_df";"10"
"7863175";"1024554";"NA";"1.3970580101";"7.67472968726";"1";"1";"1";"rvnd_no_df";"14"
"9036627";"1032531";"NA";"1.32788515091";"8.75191834434";"1";"1";"1";"rvnd_no_df";"46"
"189434211";"7724271";"NA";"2.12536406517";"24.524542316";"2";"1";"1";"rvnd_no_df";"45"
"32591968";"1990944";"NA";"4.03219604492";"16.3701078483";"4";"1";"1";"rvnd_no_df";"17"
"129521498";"5647619";"NA";"20.830904007";"22.9338236166";"7";"1";"1";"rvnd_no_df";"59"
"8786849";"985220";"NA";"1.23564100266";"8.91866689673";"1";"1";"1";"rvnd_no_df";"84"
"659549";"150919";"NA";"1.25429701805";"4.37021846156";"0";"1";"1";"rvnd_no_df";"24"
"70832336";"3459762";"NA";"10.3069648743";"20.4731816813";"6";"1";"1";"rvnd_no_df";"81"
"131693672";"5655719";"NA";"19.9307739735";"23.2850451021";"7";"1";"1";"rvnd_no_df";"58"
"127995463";"5707806";"NA";"20.2999298573";"22.4246344392";"7";"1";"1";"rvnd_no_df";"64"
"8500448";"1028808";"NA";"1.22960495949";"8.2624240869";"1";"1";"1";"rvnd_no_df";"40"
"95622052";"6191828";"NA";"2.12420296669";"15.4432668349";"3";"1";"1";"rvnd_no_df";"9"
"8767802";"991824";"NA";"1.2452480793";"8.84007848167";"1";"1";"1";"rvnd_no_df";"57"
"670619";"139283";"NA";"1.27020311356";"4.81479433958";"0";"1";"1";"rvnd_no_df";"89"
"267928214";"14736983";"NA";"6.34106993675";"18.1806692727";"5";"1";"1";"rvnd_no_df";"79"
"71632802";"3379972";"NA";"10.3885629177";"21.1933122523";"6";"1";"1";"rvnd_no_df";"42"
"185548630";"7362733";"NA";"2.39373397827";"25.2010537391";"2";"1";"1";"rvnd_no_df";"17"
"94285438";"6266024";"NA";"2.41967916489";"15.0470917443";"3";"1";"1";"rvnd_no_df";"68"
"786300";"171191";"NA";"1.30008196831";"4.59311529228";"0";"1";"1";"rvnd_no_df";"0"
"33234478";"1997330";"NA";"4.57324194908";"16.6394526693";"4";"1";"1";"rvnd_no_df";"19"
"68927833";"3484950";"NA";"9.69884991646";"19.7787150461";"6";"1";"1";"rvnd_no_df";"29"
"273311400";"14288414";"NA";"6.30464410782";"19.1281831559";"5";"1";"1";"rvnd_no_df";"55"
"128394428";"5646742";"NA";"15.8914129734";"22.7377889764";"7";"1";"1";"rvnd_no_df";"30"
"97441379";"6154444";"NA";"2.23080301285";"15.8326859421";"3";"1";"1";"rvnd_no_df";"93"
"192495043";"6507781";"NA";"2.40613794327";"29.5792134062";"2";"1";"1";"rvnd_no_df";"62"
"70992483";"3429870";"NA";"10.0887708664";"20.6983013933";"6";"1";"1";"rvnd_no_df";"53"
"70733190";"3473715";"NA";"10.4977941513";"20.3624045151";"6";"1";"1";"rvnd_no_df";"13"
"70446829";"3482159";"NA";"9.41228699684";"20.2307904378";"6";"1";"1";"rvnd_no_df";"27"
"205089562";"7058271";"NA";"2.29854297638";"29.0566290243";"2";"1";"1";"rvnd_no_df";"34"
"130805111";"5607163";"NA";"19.1348659992";"23.3282162477";"7";"1";"1";"rvnd_no_df";"91"
"95082531";"6092497";"NA";"2.30172014236";"15.6064961542";"3";"1";"1";"rvnd_no_df";"18"
"70934112";"3429684";"NA";"9.95095086098";"20.6824045597";"6";"1";"1";"rvnd_no_df";"18"
"33529005";"2035125";"NA";"3.32515501976";"16.4751575456";"4";"1";"1";"rvnd_no_df";"68"
"32176748";"2004249";"NA";"3.90067601204";"16.0542667104";"4";"1";"1";"rvnd_no_df";"49"
"90839785";"6214540";"NA";"2.30064201355";"14.6172983037";"3";"1";"1";"rvnd_no_df";"74"
"276126794";"14256850";"NA";"6.55310606956";"19.3680086415";"5";"1";"1";"rvnd_no_df";"60"
"678393";"134108";"NA";"1.20450687408";"5.05855728219";"0";"1";"1";"rvnd_no_df";"64"
"73102855";"3405443";"NA";"10.1487247944";"21.4664744058";"6";"1";"1";"rvnd_no_df";"58"
"130626853";"5569178";"NA";"17.6710948944";"23.4553201568";"7";"1";"1";"rvnd_no_df";"42"
"32677361";"2008180";"NA";"4.11483001709";"16.2721274985";"4";"1";"1";"rvnd_no_df";"65"
"184285803";"6603053";"NA";"1.84392499924";"27.909181253";"2";"1";"1";"rvnd_no_df";"75"
"126497213";"5539224";"NA";"17.0696969032";"22.8366307266";"7";"1";"1";"rvnd_no_df";"90"
"31400898";"2032790";"NA";"3.70444607735";"15.4471922825";"4";"1";"1";"rvnd_no_df";"54"
"8478426";"1031693";"NA";"1.25911188126";"8.2179737577";"1";"1";"1";"rvnd_no_df";"56"
"91880389";"5959226";"NA";"2.31064295769";"15.4181749442";"3";"1";"1";"rvnd_no_df";"12"
"68879280";"3429712";"NA";"11.5158178806";"20.0831090191";"6";"1";"1";"rvnd_no_df";"3"
"8300810";"1007065";"NA";"1.24691486359";"8.24257619915";"1";"1";"1";"rvnd_no_df";"92"
"9067626";"990567";"NA";"1.37347793579";"9.15397545042";"1";"1";"1";"rvnd_no_df";"37"
"31460293";"2049002";"NA";"3.97694087029";"15.3539591469";"4";"1";"1";"rvnd_no_df";"60"
"284255396";"14072371";"NA";"9.12453603745";"20.1995382299";"5";"1";"1";"rvnd_no_df";"92"
"189535721";"7576043";"NA";"2.82233190536";"25.0177726024";"2";"1";"1";"rvnd_no_df";"10"
"131352500";"5672527";"NA";"19.2810118198";"23.1559056484";"7";"1";"1";"rvnd_no_df";"11"
"32727175";"1974352";"NA";"3.75694394112";"16.5761601781";"4";"1";"1";"rvnd_no_df";"44"
"130364019";"5639159";"NA";"18.8598890305";"23.1176349168";"7";"1";"1";"rvnd_no_df";"97"
"92127655";"6421325";"NA";"2.48812890053";"14.3471409717";"3";"1";"1";"rvnd_no_df";"38"
"273642832";"14238155";"NA";"5.95177602768";"19.218981111";"5";"1";"1";"rvnd_no_df";"10"
"698785";"144826";"NA";"1.20866513252";"4.82499689282";"0";"1";"1";"rvnd_no_df";"19"
"31816346";"2011821";"NA";"3.92747282982";"15.8147002144";"4";"1";"1";"rvnd_no_df";"77"
"195082953";"7307119";"NA";"2.18104481697";"26.6976564909";"2";"1";"1";"rvnd_no_df";"50"
"606018";"142405";"NA";"1.23813199997";"4.25559495804";"0";"1";"1";"rvnd_no_df";"88"
"70551443";"3439312";"NA";"9.29625606537";"20.5132430556";"6";"1";"1";"rvnd_no_df";"68"
"71045812";"3401937";"NA";"12.652588129";"20.8839293614";"6";"1";"1";"rvnd_no_df";"16"
"72826807";"3454126";"NA";"9.35419106483";"21.0840041736";"6";"1";"1";"rvnd_no_df";"31"
"127315354";"5663045";"NA";"20.289796114";"22.4817839166";"7";"1";"1";"rvnd_no_df";"13"
"284944665";"14295670";"NA";"8.26974105835";"19.9322357749";"5";"1";"1";"rvnd_no_df";"49"
"892106";"143516";"NA";"1.22829890251";"6.21607346916";"0";"1";"1";"rvnd_no_df";"15"
"8268420";"993770";"NA";"1.30821180344";"8.32025518983";"1";"1";"1";"rvnd_no_df";"96"
"279353745";"14545261";"NA";"5.84727311134";"19.2058255263";"5";"1";"1";"rvnd_no_df";"50"
"32760997";"1995023";"NA";"4.1507229805";"16.421363062";"4";"1";"1";"rvnd_no_df";"3"
"68447075";"3412657";"NA";"9.31884694099";"20.0568281547";"6";"1";"1";"rvnd_no_df";"5"
"934966";"147785";"NA";"1.22714209557";"6.32652840275";"0";"1";"1";"rvnd_no_df";"57"
"9079407";"984722";"NA";"1.2828309536";"9.22027435154";"1";"1";"1";"rvnd_no_df";"9"
"880352";"136443";"NA";"1.1742939949";"6.45215950983";"0";"1";"1";"rvnd_no_df";"6"
"93521209";"6291753";"NA";"2.04000687599";"14.8640941563";"3";"1";"1";"rvnd_no_df";"98"
"32319140";"2019462";"NA";"3.88303995132";"16.0038366654";"4";"1";"1";"rvnd_no_df";"6"
"69355844";"3424664";"NA";"10.7422711849";"20.2518682125";"6";"1";"1";"rvnd_no_df";"56"
"714547";"137396";"NA";"1.28490900993";"5.20063902879";"0";"1";"1";"rvnd_no_df";"93"
"71641211";"3491092";"NA";"8.84574198723";"20.5211466785";"6";"1";"1";"rvnd_no_df";"74"
"728259";"157923";"NA";"1.22437405586";"4.6114815448";"0";"1";"1";"rvnd_no_df";"27"
"279705556";"14603392";"NA";"6.61519503593";"19.1534648936";"5";"1";"1";"rvnd_no_df";"57"
"7823302";"987441";"NA";"1.2981159687";"7.92280450174";"1";"1";"1";"rvnd_no_df";"24"
"713054";"164523";"NA";"1.18395709991";"4.33406879281";"0";"1";"1";"rvnd_no_df";"43"
"8525768";"1015840";"NA";"1.36181902885";"8.39282564183";"1";"1";"1";"rvnd_no_df";"20"
"772627";"148668";"NA";"1.18668007851";"5.19699599107";"0";"1";"1";"rvnd_no_df";"61"
"8105034";"990660";"NA";"1.34657597542";"8.18144873115";"1";"1";"1";"rvnd_no_df";"41"
"793539";"148744";"NA";"1.24069404602";"5.33493115689";"0";"1";"1";"rvnd_no_df";"4"
"8605257";"1021509";"NA";"1.32872200012";"8.42406381148";"1";"1";"1";"rvnd_no_df";"90"
"126311117";"5545070";"NA";"23.1671118736";"22.7789941335";"7";"1";"1";"rvnd_no_df";"77"
"92213022";"5968019";"NA";"2.10866808891";"15.4511944416";"3";"1";"1";"rvnd_no_df";"5"
"72200577";"3437878";"NA";"10.5221788883";"21.0014948174";"6";"1";"1";"rvnd_no_df";"45"
"128424688";"5546164";"NA";"19.317704916";"23.1555878982";"7";"1";"1";"rvnd_no_df";"61"
"88447432";"6036551";"NA";"2.22072100639";"14.651981239";"3";"1";"1";"rvnd_no_df";"15"
"767270";"161611";"NA";"1.21392607689";"4.74763475258";"0";"1";"1";"rvnd_no_df";"32"
"276857141";"14407401";"NA";"6.46565890312";"19.2163139625";"5";"1";"1";"rvnd_no_df";"80"
"7354714";"990611";"NA";"1.3434150219";"7.42442189719";"1";"1";"1";"rvnd_no_df";"17"
"179249583";"6994447";"NA";"2.20367693901";"25.6274131465";"2";"1";"1";"rvnd_no_df";"42"
"33010743";"2026221";"NA";"3.86409401894";"16.2917781427";"4";"1";"1";"rvnd_no_df";"47"
"131798026";"5573903";"NA";"22.7481060028";"23.6455542911";"7";"1";"1";"rvnd_no_df";"39"
"195725300";"7597030";"NA";"1.87392807007";"25.7633970117";"2";"1";"1";"rvnd_no_df";"64"
"70429111";"3442522";"NA";"10.5749239922";"20.4585797854";"6";"1";"1";"rvnd_no_df";"99"
"757836";"147312";"NA";"1.2300350666";"5.14442815249";"0";"1";"1";"rvnd_no_df";"55"
"93632865";"6376340";"NA";"2.23161101341";"14.6844216275";"3";"1";"1";"rvnd_no_df";"97"
"71885213";"3387131";"NA";"9.33301091194";"21.2230389081";"6";"1";"1";"rvnd_no_df";"26"
"745818";"147899";"NA";"1.21620512009";"5.04275214843";"0";"1";"1";"rvnd_no_df";"35"
"92884613";"6163870";"NA";"2.16587686539";"15.0692037632";"3";"1";"1";"rvnd_no_df";"76"
"189762162";"7014752";"NA";"2.37918496132";"27.0518704011";"2";"1";"1";"rvnd_no_df";"85"
"90753984";"6151612";"NA";"2.1953151226";"14.7528784325";"3";"1";"1";"rvnd_no_df";"34"
"70947309";"3464801";"NA";"9.88950490952";"20.4765898532";"6";"1";"1";"rvnd_no_df";"97"
"33065973";"2011461";"NA";"3.88489985466";"16.438784048";"4";"1";"1";"rvnd_no_df";"37"
"128330359";"5514581";"NA";"20.6712560654";"23.2710987471";"7";"1";"1";"rvnd_no_df";"5"
"774668";"145753";"NA";"1.24593305588";"5.31493691382";"0";"1";"1";"rvnd_no_df";"3"
"187357334";"7276200";"NA";"2.2401971817";"25.749338116";"2";"1";"1";"rvnd_no_df";"9"
"724236";"150251";"NA";"1.23826599121";"4.82017424177";"0";"1";"1";"rvnd_no_df";"67"
"179819990";"6548212";"NA";"1.9520509243";"27.4609297927";"2";"1";"1";"rvnd_no_df";"18"
"290207152";"14276602";"NA";"6.1086628437";"20.3274667179";"5";"1";"1";"rvnd_no_df";"29"
"203168248";"6929686";"NA";"2.13767290115";"29.3185359337";"2";"1";"1";"rvnd_no_df";"39"
"7649525";"988739";"NA";"1.30045485497";"7.73664738622";"1";"1";"1";"rvnd_no_df";"73"
"182005489";"7350076";"NA";"2.58040094376";"24.7623955181";"2";"1";"1";"rvnd_no_df";"80"
"89131809";"5978747";"NA";"2.38157892227";"14.908108505";"3";"1";"1";"rvnd_no_df";"32"
"7797868";"1002004";"NA";"1.28662204742";"7.78227232626";"1";"1";"1";"rvnd_no_df";"98"
"734538";"147976";"NA";"1.22078990936";"4.96389955128";"0";"1";"1";"rvnd_no_df";"76"
"99564138";"5991052";"NA";"2.01406812668";"16.6188071811";"3";"1";"1";"rvnd_no_df";"48"
"68640792";"3400844";"NA";"9.52139616013";"20.1834579887";"6";"1";"1";"rvnd_no_df";"94"
"7886386";"1036254";"NA";"1.24791789055";"7.61047580998";"1";"1";"1";"rvnd_no_df";"68"
"276812149";"14455234";"NA";"7.01573395729";"19.1496138354";"5";"1";"1";"rvnd_no_df";"77"
"274850539";"14569743";"NA";"6.00997400284";"18.8644740679";"5";"1";"1";"rvnd_no_df";"69"
"6735554";"977666";"NA";"1.29723501205";"6.88942235897";"1";"1";"1";"rvnd_no_df";"15"
"90197061";"6152221";"NA";"2.30446100235";"14.6608941714";"3";"1";"1";"rvnd_no_df";"77"
"33193874";"2023414";"NA";"4.22213697433";"16.4048850112";"4";"1";"1";"rvnd_no_df";"82"
"99759694";"6202500";"NA";"2.18336296082";"16.0837878275";"3";"1";"1";"rvnd_no_df";"55"
"279633708";"14282594";"NA";"6.50866293907";"19.5786359257";"5";"1";"1";"rvnd_no_df";"54"
"275774140";"14889460";"NA";"6.40512299538";"18.5214332823";"5";"1";"1";"rvnd_no_df";"30"
"834803";"148164";"NA";"1.20165395737";"5.63431737804";"0";"1";"1";"rvnd_no_df";"77"
"173765861";"7365972";"NA";"3.43774104118";"23.5903504656";"2";"1";"1";"rvnd_no_df";"73"
"275504714";"14342664";"NA";"6.25162601471";"19.2087546637";"5";"1";"1";"rvnd_no_df";"22"
"775269";"146267";"NA";"1.23760390282";"5.30036850417";"0";"1";"1";"rvnd_no_df";"12"
"7543815";"1000695";"NA";"1.27495288849";"7.5385756899";"1";"1";"1";"rvnd_no_df";"77"
"8137631";"998847";"NA";"1.41303896904";"8.14702451927";"1";"1";"1";"rvnd_no_df";"70"
"281518981";"14458167";"NA";"6.14352011681";"19.4712774448";"5";"1";"1";"rvnd_no_df";"78"
"266536978";"14239869";"NA";"5.89022803307";"18.717656602";"5";"1";"1";"rvnd_no_df";"70"
"725037";"146148";"NA";"1.25813293457";"4.9609779128";"0";"1";"1";"rvnd_no_df";"36"
"32151838";"2047344";"NA";"3.88800501823";"15.7041698904";"4";"1";"1";"rvnd_no_df";"80"
"32784620";"1982127";"NA";"3.88229799271";"16.5401207894";"4";"1";"1";"rvnd_no_df";"64"
"129335884";"5598673";"NA";"21.6263728142";"23.1011677231";"7";"1";"1";"rvnd_no_df";"92"
"32829229";"1976339";"NA";"5.06933712959";"16.6111325031";"4";"1";"1";"rvnd_no_df";"56"
"32723261";"1997782";"NA";"4.14350008965";"16.3797956934";"4";"1";"1";"rvnd_no_df";"43"
"7726755";"1059348";"NA";"1.34811306";"7.29387793246";"1";"1";"1";"rvnd_no_df";"64"
"281637211";"14104295";"NA";"7.96185398102";"19.9681877754";"5";"1";"1";"rvnd_no_df";"71"
"31077297";"1996465";"NA";"4.03786420822";"15.5661616908";"4";"1";"1";"rvnd_no_df";"1"
"687493";"156487";"NA";"1.22644996643";"4.39329145552";"0";"1";"1";"rvnd_no_df";"74"
"130430003";"5592157";"NA";"19.8102281094";"23.3237376919";"7";"1";"1";"rvnd_no_df";"57"
"185187015";"7149642";"NA";"2.16122102737";"25.9015787084";"2";"1";"1";"rvnd_no_df";"57"
"916526";"139463";"NA";"1.25126791";"6.57182191692";"0";"1";"1";"rvnd_no_df";"52"
"7621532";"1003436";"NA";"1.31005692482";"7.59543408847";"1";"1";"1";"rvnd_no_df";"85"
"278032487";"14755900";"NA";"6.00404596329";"18.8421232863";"5";"1";"1";"rvnd_no_df";"95"
"743077";"143821";"NA";"1.22681498528";"5.16667941399";"0";"1";"1";"rvnd_no_df";"79"
"130281049";"5649516";"NA";"21.6716849804";"23.0605681973";"7";"1";"1";"rvnd_no_df";"68"
"72774017";"3404329";"NA";"9.88675403595";"21.3769048174";"6";"1";"1";"rvnd_no_df";"98"
"70000066";"3405113";"NA";"10.2176392078";"20.5573400941";"6";"1";"1";"rvnd_no_df";"10"
"702560";"155018";"NA";"1.28608894348";"4.53211885071";"0";"1";"1";"rvnd_no_df";"51"
"7871836";"994625";"NA";"1.33826208115";"7.91437576976";"1";"1";"1";"rvnd_no_df";"49"
"69676389";"3402050";"NA";"9.23678994179";"20.4807069267";"6";"1";"1";"rvnd_no_df";"1"
"93392939";"6040887";"NA";"2.39506101608";"15.4601367316";"3";"1";"1";"rvnd_no_df";"50"
"277388518";"14305008";"NA";"6.35116791725";"19.3910075409";"5";"1";"1";"rvnd_no_df";"45"
"32911349";"2008591";"NA";"4.12980794907";"16.3852914804";"4";"1";"1";"rvnd_no_df";"35"
"71403212";"3410282";"NA";"11.1309549809";"20.937626859";"6";"1";"1";"rvnd_no_df";"37"
"779248";"146995";"NA";"1.18401789665";"5.30118711521";"0";"1";"1";"rvnd_no_df";"29"
"190160521";"7192819";"NA";"2.46019506454";"26.4375512577";"2";"1";"1";"rvnd_no_df";"13"
"130661962";"5656069";"NA";"18.5509009361";"23.1011966085";"7";"1";"1";"rvnd_no_df";"3"
"8277961";"1008098";"NA";"1.31725597382";"8.21146455999";"1";"1";"1";"rvnd_no_df";"27"
"188782380";"6835221";"NA";"2.37002706528";"27.6190601591";"2";"1";"1";"rvnd_no_df";"6"
"8568856";"1003103";"NA";"1.40410494804";"8.54234909077";"1";"1";"1";"rvnd_no_df";"1"
"193153162";"7328946";"NA";"2.06591796875";"26.3548349244";"2";"1";"1";"rvnd_no_df";"99"
"272933106";"14203554";"NA";"6.15885686874";"19.2158318967";"5";"1";"1";"rvnd_no_df";"5"
"695756";"141047";"NA";"1.1871099472";"4.93279545116";"0";"1";"1";"rvnd_no_df";"22"
"8312093";"1038210";"NA";"1.30358409882";"8.00617697768";"1";"1";"1";"rvnd_no_df";"43"
"273427711";"14359890";"NA";"7.31061387062";"19.0410728077";"5";"1";"1";"rvnd_no_df";"12"
"127663283";"5674186";"NA";"19.7337498665";"22.4989598508";"7";"1";"1";"rvnd_no_df";"33"
"8254903";"1011482";"NA";"1.27013707161";"8.16119614585";"1";"1";"1";"rvnd_no_df";"8"
"760451";"153330";"NA";"1.23531699181";"4.95957086024";"0";"1";"1";"rvnd_no_df";"23"
"194028995";"7804270";"NA";"2.47726106644";"24.8619018819";"2";"1";"1";"rvnd_no_df";"59"
"185679965";"7618842";"NA";"1.97577214241";"24.3711531227";"2";"1";"1";"rvnd_no_df";"53"
"127196381";"5694764";"NA";"21.0023040771";"22.3356720314";"7";"1";"1";"rvnd_no_df";"71"
"98398863";"6316538";"NA";"2.16101503372";"15.5779737255";"3";"1";"1";"rvnd_no_df";"90"
"7607458";"1007258";"NA";"1.36639809608";"7.55264093211";"1";"1";"1";"rvnd_no_df";"53"
"281255932";"14215156";"NA";"6.84858298302";"19.7856380894";"5";"1";"1";"rvnd_no_df";"24"
"93614534";"6388246";"NA";"2.3205769062";"14.6541842628";"3";"1";"1";"rvnd_no_df";"99"
"126457567";"5585049";"NA";"19.7224650383";"22.6421589139";"7";"1";"1";"rvnd_no_df";"9"
"70563686";"3381912";"NA";"10.6467428207";"20.865027239";"6";"1";"1";"rvnd_no_df";"44"
"33733940";"1998584";"NA";"3.7173500061";"16.8789202756";"4";"1";"1";"rvnd_no_df";"91"
"89813438";"6144795";"NA";"2.06411194801";"14.6161813372";"3";"1";"1";"rvnd_no_df";"25"
"826815";"153614";"NA";"1.21446895599";"5.38241957113";"0";"1";"1";"rvnd_no_df";"69"
"8815078";"984271";"NA";"1.22918105125";"8.95594607583";"1";"1";"1";"rvnd_no_df";"54"
"719705";"179759";"NA";"1.21974611282";"4.00372164954";"0";"1";"1";"rvnd_no_df";"8"
"8088112";"1043161";"NA";"1.38963794708";"7.75346470967";"1";"1";"1";"rvnd_no_df";"72"
"195882140";"7227652";"NA";"2.31933403015";"27.1017669362";"2";"1";"1";"rvnd_no_df";"47"
"32792162";"1972889";"NA";"4.03047013283";"16.6213922831";"4";"1";"1";"rvnd_no_df";"97"
"283135648";"14415076";"NA";"6.89760398865";"19.6416340781";"5";"1";"1";"rvnd_no_df";"65"
"128899728";"5640179";"NA";"16.9448459148";"22.8538363765";"7";"1";"1";"rvnd_no_df";"19"
"71401337";"3429378";"NA";"9.82014417648";"20.8204919376";"6";"1";"1";"rvnd_no_df";"22"
"32907225";"2017824";"NA";"4.01241898537";"16.3082731695";"4";"1";"1";"rvnd_no_df";"27"
"284140640";"14490754";"NA";"7.32207489014";"19.6084096107";"5";"1";"1";"rvnd_no_df";"84"
"282325802";"14581935";"NA";"6.66709399223";"19.3613400416";"5";"1";"1";"rvnd_no_df";"41"
"280337206";"14335717";"NA";"6.6197810173";"19.5551576527";"5";"1";"1";"rvnd_no_df";"26"
"791045";"142022";"NA";"1.14670085907";"5.56987649801";"0";"1";"1";"rvnd_no_df";"5"
"7712926";"984135";"NA";"1.33751988411";"7.83726419648";"1";"1";"1";"rvnd_no_df";"50"
"69782964";"3390605";"NA";"8.970443964";"20.5812720739";"6";"1";"1";"rvnd_no_df";"60"
"573181";"143684";"NA";"1.19214296341";"3.98917763982";"0";"1";"1";"rvnd_no_df";"68"
"193165743";"7312591";"NA";"2.07443785667";"26.4154993763";"2";"1";"1";"rvnd_no_df";"69"
"183981558";"7718426";"NA";"2.08023500443";"23.8366679942";"2";"1";"1";"rvnd_no_df";"87"
"68198735";"3425162";"NA";"9.95325493813";"19.9110976357";"6";"1";"1";"rvnd_no_df";"59"
"96845436";"6027844";"NA";"2.25286412239";"16.066347437";"3";"1";"1";"rvnd_no_df";"1"
"282597980";"14938475";"NA";"7.23783302307";"18.917458442";"5";"1";"1";"rvnd_no_df";"74"
"185440677";"7292343";"NA";"2.08737397194";"25.4295055787";"2";"1";"1";"rvnd_no_df";"44"
"33036388";"1931001";"NA";"4.38280487061";"17.1084261479";"4";"1";"1";"rvnd_no_df";"57"
"72111792";"3435112";"NA";"9.71464896202";"20.9925591946";"6";"1";"1";"rvnd_no_df";"11"
"739290";"150181";"NA";"1.25899100304";"4.92265999028";"0";"1";"1";"rvnd_no_df";"53"
"132430941";"5566446";"NA";"17.4669799805";"23.7909324909";"7";"1";"1";"rvnd_no_df";"67"
"801871";"149186";"NA";"1.23168897629";"5.37497486359";"0";"1";"1";"rvnd_no_df";"1"
"88565296";"6138291";"NA";"1.98249197006";"14.4283312733";"3";"1";"1";"rvnd_no_df";"80"
"793104";"162481";"NA";"1.20312809944";"4.88121072618";"0";"1";"1";"rvnd_no_df";"90"
"759292";"148022";"NA";"1.23082709312";"5.1295888449";"0";"1";"1";"rvnd_no_df";"83"
"734657";"148115";"NA";"1.22297692299";"4.96004455997";"0";"1";"1";"rvnd_no_df";"37"
"189194929";"7404652";"NA";"2.37116289139";"25.550819809";"2";"1";"1";"rvnd_no_df";"86"
"277700237";"14896585";"NA";"6.89847111702";"18.6418724157";"5";"1";"1";"rvnd_no_df";"32"
"177903208";"7271771";"NA";"1.79714202881";"24.4649079296";"2";"1";"1";"rvnd_no_df";"30"
"128000526";"5665205";"NA";"19.2306292057";"22.5941560808";"7";"1";"1";"rvnd_no_df";"93"
"90630948";"6045741";"NA";"2.01833200455";"14.9908750639";"3";"1";"1";"rvnd_no_df";"51"
"89680820";"6140133";"NA";"2.18024015427";"14.6056803656";"3";"1";"1";"rvnd_no_df";"84"
"90292719";"6095434";"NA";"2.22870182991";"14.8131731063";"3";"1";"1";"rvnd_no_df";"57"
"69811333";"3452548";"NA";"8.46162796021";"20.2202353161";"6";"1";"1";"rvnd_no_df";"6"
"126389493";"5608991";"NA";"20.0279541016";"22.5333741844";"7";"1";"1";"rvnd_no_df";"12"
"99079053";"6208235";"NA";"2.08204913139";"15.9592948721";"3";"1";"1";"rvnd_no_df";"13"
"33037185";"1980736";"NA";"4.5298409462";"16.6792470072";"4";"1";"1";"rvnd_no_df";"59"
"69620486";"3378633";"NA";"9.36871695518";"20.6061108146";"6";"1";"1";"rvnd_no_df";"55"
"128678913";"5674543";"NA";"17.5566840172";"22.6765244355";"7";"1";"1";"rvnd_no_df";"21"
"128844789";"5558994";"NA";"18.510833025";"23.1777168675";"7";"1";"1";"rvnd_no_df";"49"
"93505559";"6484609";"NA";"2.28181481361";"14.419614043";"3";"1";"1";"rvnd_no_df";"10"
"202323908";"7744299";"NA";"2.43679308891";"26.1255289859";"2";"1";"1";"rvnd_no_df";"96"
"269192525";"14596255";"NA";"6.25378894806";"18.4425748248";"5";"1";"1";"rvnd_no_df";"17"
"131105068";"5629398";"NA";"22.4469358921";"23.2893584714";"7";"1";"1";"rvnd_no_df";"32"
"858284";"135192";"NA";"1.21754193306";"6.34863009646";"0";"1";"1";"rvnd_no_df";"33"
"93567798";"6122211";"NA";"2.30350279808";"15.2833344032";"3";"1";"1";"rvnd_no_df";"86"
"798553";"155714";"NA";"1.13752293587";"5.12833142813";"0";"1";"1";"rvnd_no_df";"18"
"197163202";"7163690";"NA";"1.99494886398";"27.522575935";"2";"1";"1";"rvnd_no_df";"25"
"276472947";"14300438";"NA";"8.62710380554";"19.3331803543";"5";"1";"1";"rvnd_no_df";"83"
"7236517";"1027322";"NA";"1.25178599358";"7.04405921415";"1";"1";"1";"rvnd_no_df";"80"
"33587902";"2007182";"NA";"3.79029798508";"16.7338597098";"4";"1";"1";"rvnd_no_df";"31"
"90135304";"6304924";"NA";"2.08446788788";"14.2960175254";"3";"1";"1";"rvnd_no_df";"46"
"192477702";"7418680";"NA";"2.59428906441";"25.9450066589";"2";"1";"1";"rvnd_no_df";"51"
"285609841";"14677348";"NA";"6.76554584503";"19.459226626";"5";"1";"1";"rvnd_no_df";"37"
"189908666";"6865450";"NA";"2.49286603928";"27.6615030333";"2";"1";"1";"rvnd_no_df";"0"
"69757489";"3471730";"NA";"8.81435418129";"20.0930052164";"6";"1";"1";"rvnd_no_df";"9"
"7243913";"962665";"NA";"1.28479218483";"7.52485340175";"1";"1";"1";"rvnd_no_df";"36"
"179262898";"7399091";"NA";"1.96309185028";"24.2276920232";"2";"1";"1";"rvnd_no_df";"32"
"71710409";"3439754";"NA";"10.9743249416";"20.8475399694";"6";"1";"1";"rvnd_no_df";"57"
"72666259";"3459011";"NA";"10.5729448795";"21.0078137942";"6";"1";"1";"rvnd_no_df";"89"
"91753258";"6155699";"NA";"2.17663097382";"14.9054165904";"3";"1";"1";"rvnd_no_df";"2"
"198958696";"7234193";"NA";"2.53751993179";"27.5025418868";"2";"1";"1";"rvnd_no_df";"33"
"33505285";"2047611";"NA";"4.48880290985";"16.3631104736";"4";"1";"1";"rvnd_no_df";"63"
"70231241";"3450234";"NA";"10.7278819084";"20.3555008153";"6";"1";"1";"rvnd_no_df";"47"
"286897418";"14460316";"NA";"6.54736804962";"19.8403283856";"5";"1";"1";"rvnd_no_df";"4"
"687552";"143527";"NA";"1.22192597389";"4.79040180593";"0";"1";"1";"rvnd_no_df";"41"
"32468784";"2011728";"NA";"3.36023616791";"16.1397485147";"4";"1";"1";"rvnd_no_df";"33"
"808219";"143806";"NA";"1.14514493942";"5.62020360764";"0";"1";"1";"rvnd_no_df";"34"
"284403448";"14744559";"NA";"6.55072307587";"19.2887049385";"5";"1";"1";"rvnd_no_df";"8"
"69158174";"3427507";"NA";"12.7394461632";"20.1773983248";"6";"1";"1";"rvnd_no_df";"46"
"180741890";"7019363";"NA";"2.41550087929";"25.7490444646";"2";"1";"1";"rvnd_no_df";"93"
"31967604";"1982391";"NA";"4.39471793175";"16.1257814427";"4";"1";"1";"rvnd_no_df";"11"
"128325323";"5656958";"NA";"19.8098778725";"22.6845104737";"7";"1";"1";"rvnd_no_df";"76"
"821073";"145224";"NA";"1.27068400383";"5.65383820856";"0";"1";"1";"rvnd_no_df";"25"
"32292239";"1994973";"NA";"4.06174206734";"16.1868050345";"4";"1";"1";"rvnd_no_df";"20"
"273248184";"14861090";"NA";"6.94762992859";"18.3868198093";"5";"1";"1";"rvnd_no_df";"0"
"133262951";"5622715";"NA";"20.516053915";"23.7008190883";"7";"1";"1";"rvnd_no_df";"75"
"68374823";"3390363";"NA";"9.34993600845";"20.1674047882";"6";"1";"1";"rvnd_no_df";"71"
"69536039";"3401081";"NA";"10.2348139286";"20.4452757814";"6";"1";"1";"rvnd_no_df";"96"
"278252159";"14358022";"NA";"6.25032305717";"19.3795607083";"5";"1";"1";"rvnd_no_df";"58"
"785819";"154170";"NA";"1.16881895065";"5.09709411688";"0";"1";"1";"rvnd_no_df";"66"
"33512082";"1992170";"NA";"3.5102789402";"16.8218987335";"4";"1";"1";"rvnd_no_df";"73"
"288078624";"14494409";"NA";"6.78601312637";"19.8751548959";"5";"1";"1";"rvnd_no_df";"9"
"693045";"147589";"NA";"1.19431185722";"4.69577678553";"0";"1";"1";"rvnd_no_df";"21"
"69387368";"3491015";"NA";"9.62490105629";"19.8759867832";"6";"1";"1";"rvnd_no_df";"41"
"7668697";"981535";"NA";"1.3086938858";"7.8129633686";"1";"1";"1";"rvnd_no_df";"31"
"95790659";"6151179";"NA";"2.33122897148";"15.572731504";"3";"1";"1";"rvnd_no_df";"94"
"762875";"140936";"NA";"1.25282096863";"5.41291792019";"0";"1";"1";"rvnd_no_df";"20"
"70880931";"3447804";"NA";"9.2976770401";"20.5582831855";"6";"1";"1";"rvnd_no_df";"54"
"7711546";"1018548";"NA";"1.27541589737";"7.57111692331";"1";"1";"1";"rvnd_no_df";"34"
"69989361";"3437554";"NA";"11.0823700428";"20.3602215412";"6";"1";"1";"rvnd_no_df";"86"
"31935130";"2030167";"NA";"3.90934109688";"15.7302970642";"4";"1";"1";"rvnd_no_df";"16"
"72088862";"3417497";"NA";"10.9737710953";"21.0940527526";"6";"1";"1";"rvnd_no_df";"83"
"186016845";"6520259";"NA";"2.26643490791";"28.5290576647";"2";"1";"1";"rvnd_no_df";"4"
"278673020";"14326420";"NA";"7.3400580883";"19.4516857666";"5";"1";"1";"rvnd_no_df";"20"
"96487020";"6361798";"NA";"2.25006198883";"15.166627422";"3";"1";"1";"rvnd_no_df";"91"
"196083225";"7000167";"NA";"2.48070192337";"28.011221018";"2";"1";"1";"rvnd_no_df";"88"
"668070";"147046";"NA";"1.23897194862";"4.54327217333";"0";"1";"1";"rvnd_no_df";"58"
"284316292";"14447555";"NA";"6.93332099915";"19.6791977605";"5";"1";"1";"rvnd_no_df";"39"
"132919601";"5536500";"NA";"22.4308960438";"24.0078751919";"7";"1";"1";"rvnd_no_df";"43"
"33562290";"2001831";"NA";"3.73388004303";"16.7657959138";"4";"1";"1";"rvnd_no_df";"24"
"132428505";"5637358";"NA";"20.3904240131";"23.4912356107";"7";"1";"1";"rvnd_no_df";"7"
"68999768";"3409092";"NA";"10.8002741337";"20.2399254699";"6";"1";"1";"rvnd_no_df";"67"
"763310";"136105";"NA";"1.2568860054";"5.60824363543";"0";"1";"1";"rvnd_no_df";"80"
"98007380";"6203897";"NA";"2.21724104881";"15.7977123089";"3";"1";"1";"rvnd_no_df";"72"
"91247055";"6064658";"NA";"2.33653211594";"15.045704968";"3";"1";"1";"rvnd_no_df";"8"
"8581435";"970454";"NA";"1.35327386856";"8.84270145726";"1";"1";"1";"rvnd_no_df";"32"
"192086055";"7752165";"NA";"2.16628289223";"24.7783754603";"2";"1";"1";"rvnd_no_df";"95"
"90673683";"6088871";"NA";"2.31359601021";"14.8917070176";"3";"1";"1";"rvnd_no_df";"30"
"32765974";"2024939";"NA";"3.77104520798";"16.1812153354";"4";"1";"1";"rvnd_no_df";"61"
"94422793";"6084295";"NA";"2.1856238842";"15.5191017201";"3";"1";"1";"rvnd_no_df";"17"
"818319";"147082";"NA";"1.17062997818";"5.56369236208";"0";"1";"1";"rvnd_no_df";"94"
"93120672";"6057369";"NA";"2.34693193436";"15.373121895";"3";"1";"1";"rvnd_no_df";"24"
"129102578";"5575933";"NA";"17.6390309334";"23.1535382509";"7";"1";"1";"rvnd_no_df";"95"
"8294885";"988081";"NA";"1.37567901611";"8.39494434161";"1";"1";"1";"rvnd_no_df";"33"
"814497";"154283";"NA";"1.27540111542";"5.27924009774";"0";"1";"1";"rvnd_no_df";"39"
"92208983";"6447949";"NA";"2.38214492798";"14.3005136982";"3";"1";"1";"rvnd_no_df";"36"
"72097025";"3438502";"NA";"10.9069387913";"20.9675681445";"6";"1";"1";"rvnd_no_df";"52"
"202643743";"7050269";"NA";"1.85790801048";"28.7426966262";"2";"1";"1";"rvnd_no_df";"60"
"70251838";"3441420";"NA";"10.0612659454";"20.413619378";"6";"1";"1";"rvnd_no_df";"14"
"134423323";"5704352";"NA";"17.9414539337";"23.5650470027";"7";"1";"1";"rvnd_no_df";"83"
"32682070";"2007679";"NA";"3.73123192787";"16.2785335704";"4";"1";"1";"rvnd_no_df";"42"
"130307953";"5701529";"NA";"18.9116508961";"22.8549136556";"7";"1";"1";"rvnd_no_df";"85"
"70463939";"3434380";"NA";"9.64366006851";"20.5172226137";"6";"1";"1";"rvnd_no_df";"88"
"32713834";"1990523";"NA";"4.2438929081";"16.4347932679";"4";"1";"1";"rvnd_no_df";"95"
"92524291";"6297948";"NA";"2.08341479301";"14.6911805242";"3";"1";"1";"rvnd_no_df";"87"
"187464072";"7097375";"NA";"2.05569291115";"26.4131558499";"2";"1";"1";"rvnd_no_df";"28"
"89048184";"6155886";"NA";"2.39826703072";"14.4655349368";"3";"1";"1";"rvnd_no_df";"0"
"199708182";"6748558";"NA";"2.04987502098";"29.592719215";"2";"1";"1";"rvnd_no_df";"16"
"277248263";"14231555";"NA";"7.04255390167";"19.4812346929";"5";"1";"1";"rvnd_no_df";"19"
"8241729";"1006559";"NA";"1.33180689812";"8.18802375221";"1";"1";"1";"rvnd_no_df";"13"
"33151922";"2028415";"NA";"4.36253786087";"16.3437570714";"4";"1";"1";"rvnd_no_df";"71"
"729733";"143116";"NA";"1.21313500404";"5.09889180804";"0";"1";"1";"rvnd_no_df";"42"
"843685";"261833";"NA";"1.15905499458";"3.22222561709";"0";"1";"1";"rvnd_no_df";"73"
"70352587";"3375309";"NA";"10.0979011059";"20.8433026428";"6";"1";"1";"rvnd_no_df";"79"
"92416738";"6254482";"NA";"2.16400003433";"14.7760818562";"3";"1";"1";"rvnd_no_df";"70"
"33497099";"2060666";"NA";"3.70287108421";"16.2554722599";"4";"1";"1";"rvnd_no_df";"45"
"128635368";"5577618";"NA";"22.0087840557";"23.0627784119";"7";"1";"1";"rvnd_no_df";"23"
"129165115";"5646818";"NA";"19.4725840092";"22.8739645939";"7";"1";"1";"rvnd_no_df";"29"
"700479";"141938";"NA";"1.22085309029";"4.93510546858";"0";"1";"1";"rvnd_no_df";"54"
"825351";"145709";"NA";"1.18189477921";"5.66437900198";"0";"1";"1";"rvnd_no_df";"9"
"195145886";"7347855";"NA";"2.06187605858";"26.5582113419";"2";"1";"1";"rvnd_no_df";"19"
"70557986";"3451049";"NA";"8.26504397392";"20.4453735661";"6";"1";"1";"rvnd_no_df";"21"
"89702559";"6073951";"NA";"2.11899495125";"14.7684034659";"3";"1";"1";"rvnd_no_df";"83"
"7345934";"1034799";"NA";"1.30993390083";"7.09889939979";"1";"1";"1";"rvnd_no_df";"51"
"7568973";"1063012";"NA";"1.25996613503";"7.12030814328";"1";"1";"1";"rvnd_no_df";"7"
"70119924";"3411339";"NA";"9.35042905807";"20.5549562796";"6";"1";"1";"rvnd_no_df";"91"
"69818004";"3436277";"NA";"8.83114004135";"20.3179208195";"6";"1";"1";"rvnd_no_df";"76"
"31693426";"2055183";"NA";"3.42080593109";"15.4212184511";"4";"1";"1";"rvnd_no_df";"88"
"8521384";"985334";"NA";"1.29356408119";"8.64821877658";"1";"1";"1";"rvnd_no_df";"30"
"32711015";"2002268";"NA";"3.93115401268";"16.3369813631";"4";"1";"1";"rvnd_no_df";"29"
"190624219";"7254711";"NA";"3.03728914261";"26.2759218114";"2";"1";"1";"rvnd_no_df";"81"
"8146239";"1023856";"NA";"1.3543639183";"7.95643039646";"1";"1";"1";"rvnd_no_df";"59"
"180272799";"6750347";"NA";"2.16862487793";"26.7057084621";"2";"1";"1";"rvnd_no_df";"90"
"94892245";"6160539";"NA";"2.1999771595";"15.403237444";"3";"1";"1";"rvnd_no_df";"28"
"273781907";"14738517";"NA";"6.54254579544";"18.5759467523";"5";"1";"1";"rvnd_no_df";"99"
"282537007";"14480841";"NA";"6.55257701874";"19.511091034";"5";"1";"1";"rvnd_no_df";"64"
"7292721";"1018020";"NA";"1.26440811157";"7.16363234514";"1";"1";"1";"rvnd_no_df";"66"
"90726154";"6101281";"NA";"2.29287385941";"14.8700172964";"3";"1";"1";"rvnd_no_df";"14"
"73330376";"3418630";"NA";"11.6393299103";"21.4502230426";"6";"1";"1";"rvnd_no_df";"77"
"276036965";"14469659";"NA";"6.43858289719";"19.0769502585";"5";"1";"1";"rvnd_no_df";"3"
"708647";"139937";"NA";"1.1975069046";"5.06404310511";"0";"1";"1";"rvnd_no_df";"38"
"128074730";"5640968";"NA";"19.2849099636";"22.7043886794";"7";"1";"1";"rvnd_no_df";"96"
"68269206";"3459009";"NA";"8.87231397629";"19.7366372854";"6";"1";"1";"rvnd_no_df";"63"
"190881931";"7152263";"NA";"2.39318203926";"26.6883266177";"2";"1";"1";"rvnd_no_df";"71"
"71716401";"3405760";"NA";"9.41673803329";"21.0573854294";"6";"1";"1";"rvnd_no_df";"51"
"279797846";"14642391";"NA";"6.00796318054";"19.1087538914";"5";"1";"1";"rvnd_no_df";"13"
"7294544";"987851";"NA";"1.3268558979";"7.38425531786";"1";"1";"1";"rvnd_no_df";"69"
"97678099";"6090491";"NA";"2.44288802147";"16.0378036845";"3";"1";"1";"rvnd_no_df";"56"
"33106907";"2015934";"NA";"3.94251513481";"16.42261453";"4";"1";"1";"rvnd_no_df";"0"
"132041294";"5587598";"NA";"18.9104580879";"23.6311370288";"7";"1";"1";"rvnd_no_df";"48"
"71035911";"3417897";"NA";"9.95717787743";"20.7835142487";"6";"1";"1";"rvnd_no_df";"95"
"32886928";"2030296";"NA";"3.79479289055";"16.1980952531";"4";"1";"1";"rvnd_no_df";"85"
"131438414";"5548649";"NA";"23.1409249306";"23.6883634196";"7";"1";"1";"rvnd_no_df";"70"
"93074008";"6045384";"NA";"2.44205403328";"15.3958802286";"3";"1";"1";"rvnd_no_df";"44"
"131136812";"5712859";"NA";"20.6845910549";"22.9546733081";"7";"1";"1";"rvnd_no_df";"41"
"8367610";"1027996";"NA";"1.25527787209";"8.13973011568";"1";"1";"1";"rvnd_no_df";"58"
"94132302";"6081408";"NA";"2.37584519386";"15.4787019716";"3";"1";"1";"rvnd_no_df";"66"
"188847041";"6522362";"NA";"2.52774691582";"28.9537810076";"2";"1";"1";"rvnd_no_df";"66"
"8344854";"1004924";"NA";"1.28631591797";"8.30396527499";"1";"1";"1";"rvnd_no_df";"79"
"31871315";"2037983";"NA";"3.81877994537";"15.6386559652";"4";"1";"1";"rvnd_no_df";"15"
"70278397";"3400023";"NA";"8.77887487411";"20.6699769384";"6";"1";"1";"rvnd_no_df";"40"
"33952767";"1988619";"NA";"4.17498898506";"17.0735404821";"4";"1";"1";"rvnd_no_df";"21"
"286817861";"14211478";"NA";"5.68217086792";"20.1821275029";"5";"1";"1";"rvnd_no_df";"6"
"91702784";"6194453";"NA";"2.27361798286";"14.8040164321";"3";"1";"1";"rvnd_no_df";"29"
"132522090";"5589368";"NA";"20.9210469723";"23.7096734371";"7";"1";"1";"rvnd_no_df";"14"
"760882";"140796";"NA";"1.17657995224";"5.40414500412";"0";"1";"1";"rvnd_no_df";"10"
"190171472";"7468284";"NA";"1.99369096756";"25.4638779136";"2";"1";"1";"rvnd_no_df";"52"
"8173534";"1020992";"NA";"1.33397603035";"8.0054829029";"1";"1";"1";"rvnd_no_df";"6"
"129324941";"5660089";"NA";"18.1074969769";"22.8485702257";"7";"1";"1";"rvnd_no_df";"78"
"283709188";"14252134";"NA";"7.60660600662";"19.9064356257";"5";"1";"1";"rvnd_no_df";"14"
"130761302";"5630478";"NA";"19.0457651615";"23.2238367684";"7";"1";"1";"rvnd_no_df";"17"
"182703242";"7271222";"NA";"2.07197904587";"25.1268964144";"2";"1";"1";"rvnd_no_df";"55"
"777946";"152683";"NA";"1.18367505074";"5.09517104065";"0";"1";"1";"rvnd_no_df";"16"
"284147794";"14475475";"NA";"6.52420806885";"19.6296006867";"5";"1";"1";"rvnd_no_df";"97"
"31691089";"2024025";"NA";"3.73996090889";"15.6574592705";"4";"1";"1";"rvnd_no_df";"53"
"32384852";"1982847";"NA";"3.43109488487";"16.3325017008";"4";"1";"1";"rvnd_no_df";"86"
"33371554";"2031144";"NA";"4.34109091759";"16.429930128";"4";"1";"1";"rvnd_no_df";"9"
"797672";"141284";"NA";"1.18533802032";"5.64587639082";"0";"1";"1";"rvnd_no_df";"47"
"187364155";"7596585";"NA";"2.10527992249";"24.6642609804";"2";"1";"1";"rvnd_no_df";"35"
"72822333";"3453365";"NA";"9.65611410141";"21.0873547974";"6";"1";"1";"rvnd_no_df";"65"
"180207841";"7057629";"NA";"2.07028603554";"25.5337650931";"2";"1";"1";"rvnd_no_df";"76"
"32768753";"1995022";"NA";"4.15239405632";"16.4252589696";"4";"1";"1";"rvnd_no_df";"36"
"7774751";"992927";"NA";"1.29919695854";"7.83013353449";"1";"1";"1";"rvnd_no_df";"25"
"192365124";"7483893";"NA";"2.40826797485";"25.7038848631";"2";"1";"1";"rvnd_no_df";"29"
"190808873";"7252547";"NA";"1.97917485237";"26.3092225393";"2";"1";"1";"rvnd_no_df";"41"
"8256422";"991920";"NA";"1.26956796646";"8.32367731269";"1";"1";"1";"rvnd_no_df";"91"
"97501392";"5927264";"NA";"2.08646917343";"16.44964557";"3";"1";"1";"rvnd_no_df";"79"
"200400458";"7586600";"NA";"2.15455293655";"26.415055229";"2";"1";"1";"rvnd_no_df";"54"
"298773820";"14523303";"NA";"6.35254502296";"20.5720296547";"5";"1";"1";"rvnd_no_df";"7"
"8401164";"1086142";"NA";"1.34898614883";"7.73486708";"1";"1";"1";"rvnd_no_df";"10"
"71166615";"3420038";"NA";"9.23379087448";"20.8087205464";"6";"1";"1";"rvnd_no_df";"17"
"288919175";"14389485";"NA";"7.34269714355";"20.0784930802";"5";"1";"1";"rvnd_no_df";"36"
"32890966";"2041814";"NA";"4.02001094818";"16.1086984417";"4";"1";"1";"rvnd_no_df";"38"
"185989269";"6974643";"NA";"2.0974650383";"26.6664930377";"2";"1";"1";"rvnd_no_df";"5"
"194864042";"7235587";"NA";"2.05235815048";"26.9313383973";"2";"1";"1";"rvnd_no_df";"26"
"8257262";"1028503";"NA";"1.33300304413";"8.02842772457";"1";"1";"1";"rvnd_no_df";"0"
"190616670";"7532365";"NA";"2.5916261673";"25.3063506614";"2";"1";"1";"rvnd_no_df";"89"
"88538910";"6101378";"NA";"2.1192240715";"14.511297284";"3";"1";"1";"rvnd_no_df";"69"
"7326590";"1009132";"NA";"1.31073188782";"7.26028904048";"1";"1";"1";"rvnd_no_df";"76"
"7964059";"1014343";"NA";"1.3590991497";"7.85144571412";"1";"1";"1";"rvnd_no_df";"60"
"130998215";"5639283";"NA";"18.2662639618";"23.2295869883";"7";"1";"1";"rvnd_no_df";"15"
"33961640";"2075151";"NA";"3.89048981667";"16.36586446";"4";"1";"1";"rvnd_no_df";"74"
"32537719";"2000024";"NA";"3.90793514252";"16.268664276";"4";"1";"1";"rvnd_no_df";"13"
"7986987";"979473";"NA";"1.31257796288";"8.15437178973";"1";"1";"1";"rvnd_no_df";"16"
"188724721";"6842484";"NA";"2.17474007607";"27.5813171065";"2";"1";"1";"rvnd_no_df";"77"
"727035";"142182";"NA";"1.1767411232";"5.11341098029";"0";"1";"1";"rvnd_no_df";"46"
"130776911";"5623083";"NA";"21.7585918903";"23.2571546605";"7";"1";"1";"rvnd_no_df";"10"
"188235004";"7482018";"NA";"1.90566110611";"25.1583201217";"2";"1";"1";"rvnd_no_df";"31"
"93229327";"6123087";"NA";"2.27544999123";"15.2258700554";"3";"1";"1";"rvnd_no_df";"19"
"89287316";"6347430";"NA";"2.31381702423";"14.0666877776";"3";"1";"1";"rvnd_no_df";"62"
"7965525";"1024925";"NA";"1.29185509682";"7.77181257165";"1";"1";"1";"rvnd_no_df";"28"
"8125227";"1004552";"NA";"1.27974796295";"8.08840856422";"1";"1";"1";"rvnd_no_df";"78"
"7915591";"969606";"NA";"1.31691098213";"8.16371907765";"1";"1";"1";"rvnd_no_df";"62"
"277043317";"14563628";"NA";"6.38764405251";"19.0229602816";"5";"1";"1";"rvnd_no_df";"53"
"183080732";"6608603";"NA";"1.90902996063";"27.7033938943";"2";"1";"1";"rvnd_no_df";"15"
"7566939";"967569";"NA";"1.377368927";"7.82056783547";"1";"1";"1";"rvnd_no_df";"99"
"8460213";"1027529";"NA";"1.33483314514";"8.23355155913";"1";"1";"1";"rvnd_no_df";"75"
"278245407";"14755367";"NA";"5.97620201111";"18.8572339136";"5";"1";"1";"rvnd_no_df";"56"
"68623647";"3435856";"NA";"9.64674401283";"19.9727948436";"6";"1";"1";"rvnd_no_df";"20"
"32669622";"2021319";"NA";"3.87611508369";"16.1625265483";"4";"1";"1";"rvnd_no_df";"32"
"8668884";"995847";"NA";"1.3480219841";"8.70503601457";"1";"1";"1";"rvnd_no_df";"95"
"33879609";"2016879";"NA";"4.18805098534";"16.7980374628";"4";"1";"1";"rvnd_no_df";"58"
"32304084";"1950097";"NA";"4.89750599861";"16.565372902";"4";"1";"1";"rvnd_no_df";"87"
"7896799";"995887";"NA";"1.30126714706";"7.92941267433";"1";"1";"1";"rvnd_no_df";"74"
"129410956";"5657242";"NA";"19.4209520817";"22.8752731455";"7";"1";"1";"rvnd_no_df";"82"
"272327406";"14522958";"NA";"5.98441910744";"18.7515109525";"5";"1";"1";"rvnd_no_df";"38"
"127395768";"5606570";"NA";"18.385819912";"22.7225858234";"7";"1";"1";"rvnd_no_df";"27"
"8598114";"1016216";"NA";"1.27212810516";"8.46091185339";"1";"1";"1";"rvnd_no_df";"61"
"31907947";"1995805";"NA";"4.16418504715";"15.9875072966";"4";"1";"1";"rvnd_no_df";"2"
"71457299";"3431464";"NA";"10.3416240215";"20.8241435725";"6";"1";"1";"rvnd_no_df";"28"
"129741253";"5586022";"NA";"20.1117568016";"23.2260547846";"7";"1";"1";"rvnd_no_df";"88"
"32778851";"2004849";"NA";"4.58319711685";"16.3497854452";"4";"1";"1";"rvnd_no_df";"67"
"69974639";"3404500";"NA";"9.8228521347";"20.5535729182";"6";"1";"1";"rvnd_no_df";"84"
"33001081";"2057646";"NA";"3.95058107376";"16.0382694594";"4";"1";"1";"rvnd_no_df";"50"
"7841792";"1052514";"NA";"1.29940509796";"7.45053462472";"1";"1";"1";"rvnd_no_df";"97"
"181987766";"7046448";"NA";"2.27414512634";"25.8268798691";"2";"1";"1";"rvnd_no_df";"79"
"8419986";"1007920";"NA";"1.39424800873";"8.35382371617";"1";"1";"1";"rvnd_no_df";"47"
"721310";"145828";"NA";"1.23969602585";"4.94630660778";"0";"1";"1";"rvnd_no_df";"28"
"130347369";"5731388";"NA";"15.871901989";"22.7427228797";"7";"1";"1";"rvnd_no_df";"38"
"281764192";"15141975";"NA";"6.62138199806";"18.6081532957";"5";"1";"1";"rvnd_no_df";"52"
"287961122";"14353929";"NA";"6.4065079689";"20.0614843504";"5";"1";"1";"rvnd_no_df";"25"
"33105862";"2026726";"NA";"4.10679602623";"16.3346510579";"4";"1";"1";"rvnd_no_df";"62"
"100299995";"6114828";"NA";"2.36686301231";"16.4027500038";"3";"1";"1";"rvnd_no_df";"54"
"32603679";"1990918";"NA";"4.02734994888";"16.3762038416";"4";"1";"1";"rvnd_no_df";"26"
"33110399";"2002314";"NA";"4.04934191704";"16.5360672702";"4";"1";"1";"rvnd_no_df";"41"
"642675";"148506";"NA";"1.20473098755";"4.32760292513";"0";"1";"1";"rvnd_no_df";"49"
"663838";"146945";"NA";"1.27614593506";"4.51759501854";"0";"1";"1";"rvnd_no_df";"92"
"132811003";"5590856";"NA";"19.3255729675";"23.755039121";"7";"1";"1";"rvnd_no_df";"6"
"7986711";"988531";"NA";"1.36268782616";"8.07937333275";"1";"1";"1";"rvnd_no_df";"45"
"130578109";"5541062";"NA";"19.5993459225";"23.565538339";"7";"1";"1";"rvnd_no_df";"62"
"95964655";"6178183";"NA";"2.31953716278";"15.5328281794";"3";"1";"1";"rvnd_no_df";"53"
"8051787";"1021316";"NA";"1.33381390572";"7.88373725664";"1";"1";"1";"rvnd_no_df";"86"
"7703492";"993461";"NA";"1.33745598793";"7.75419669217";"1";"1";"1";"rvnd_no_df";"55"
"276697076";"14455011";"NA";"7.3788049221";"19.1419484911";"5";"1";"1";"rvnd_no_df";"34"
"283765415";"14320114";"NA";"6.32100105286";"19.8158628486";"5";"1";"1";"rvnd_no_df";"23"
"195180466";"7402690";"NA";"2.22884082794";"26.3661541953";"2";"1";"1";"rvnd_no_df";"70"
"32639175";"2023912";"NA";"4.28641796112";"16.1267757689";"4";"1";"1";"rvnd_no_df";"48"
"133674053";"5658488";"NA";"20.9589018822";"23.6236346176";"7";"1";"1";"rvnd_no_df";"69"
"32680675";"2022413";"NA";"4.32618999481";"16.1592488775";"4";"1";"1";"rvnd_no_df";"22"
"88410641";"6210967";"NA";"2.07391786575";"14.2346016329";"3";"1";"1";"rvnd_no_df";"42"
"829474";"146291";"NA";"1.26281309128";"5.67002754783";"0";"1";"1";"rvnd_no_df";"62"
"8067456";"1016592";"NA";"1.25651097298";"7.93578544785";"1";"1";"1";"rvnd_no_df";"93"
"188950538";"6515208";"NA";"2.58661413193";"29.0014590478";"2";"1";"1";"rvnd_no_df";"83"
"281219687";"14497501";"NA";"6.12662982941";"19.3978042836";"5";"1";"1";"rvnd_no_df";"96"
"32838755";"1979915";"NA";"3.99237704277";"16.5859418207";"4";"1";"1";"rvnd_no_df";"75"
"130675286";"5628392";"NA";"18.4932229519";"23.2171614912";"7";"1";"1";"rvnd_no_df";"80"
"184935051";"6500075";"NA";"1.79918193817";"28.4512180244";"2";"1";"1";"rvnd_no_df";"67"
"181845409";"7280206";"NA";"2.17762708664";"24.9780581758";"2";"1";"1";"rvnd_no_df";"58"
"128857465";"5484158";"NA";"20.4399211407";"23.4963079109";"7";"1";"1";"rvnd_no_df";"51"
"69472118";"3434710";"NA";"10.0469689369";"20.2264872435";"6";"1";"1";"rvnd_no_df";"48"
"131066471";"5633595";"NA";"18.5727870464";"23.265156796";"7";"1";"1";"rvnd_no_df";"98"
"193307036";"6688756";"NA";"2.06434679031";"28.9002971554";"2";"1";"1";"rvnd_no_df";"98"
"92150847";"6221457";"NA";"2.17149686813";"14.8117791379";"3";"1";"1";"rvnd_no_df";"88"
"91251953";"6159914";"NA";"2.22354507446";"14.8138355503";"3";"1";"1";"rvnd_no_df";"21"
"274828585";"14369980";"NA";"7.2696518898";"19.1251891095";"5";"1";"1";"rvnd_no_df";"51"
"7783319";"1009401";"NA";"1.33962702751";"7.71082949195";"1";"1";"1";"rvnd_no_df";"71"
"34506215";"2064419";"NA";"3.61670899391";"16.7147342666";"4";"1";"1";"rvnd_no_df";"51"
"189865253";"6822880";"NA";"2.66728520393";"27.8277286131";"2";"1";"1";"rvnd_no_df";"21"
"129181739";"5678151";"NA";"19.3869040012";"22.7506698924";"7";"1";"1";"rvnd_no_df";"46"
"288114413";"13991438";"NA";"7.64236903191";"20.5921945264";"5";"1";"1";"rvnd_no_df";"33"
"35443489";"2034221";"NA";"3.92692995071";"17.4236176895";"4";"1";"1";"rvnd_no_df";"96"
"72214337";"3404131";"NA";"11.3673551083";"21.2137361929";"6";"1";"1";"rvnd_no_df";"70"
"129715127";"5640296";"NA";"19.3528990746";"22.9979290094";"7";"1";"1";"rvnd_no_df";"47"
"285769862";"14752492";"NA";"6.80078601837";"19.3709552257";"5";"1";"1";"rvnd_no_df";"87"
"186682403";"6948588";"NA";"2.81675505638";"26.8662357014";"2";"1";"1";"rvnd_no_df";"3"
"33034097";"1936742";"NA";"3.61087203026";"17.0565294706";"4";"1";"1";"rvnd_no_df";"84"
"93854332";"6322107";"NA";"1.99795103073";"14.8454197311";"3";"1";"1";"rvnd_no_df";"40"
"69878838";"3416730";"NA";"10.6364531517";"20.4519637197";"6";"1";"1";"rvnd_no_df";"75"
"281755211";"14380805";"NA";"7.06346583366";"19.5924505617";"5";"1";"1";"rvnd_no_df";"82"
"273178071";"14512521";"NA";"7.24132299423";"18.8236124516";"5";"1";"1";"rvnd_no_df";"27"
"94969736";"5986525";"NA";"2.29106903076";"15.863917047";"3";"1";"1";"rvnd_no_df";"35"
"91329099";"6273390";"NA";"2.12041020393";"14.5581733321";"3";"1";"1";"rvnd_no_df";"59"
"278648881";"14521654";"NA";"6.5457880497";"19.1885084853";"5";"1";"1";"rvnd_no_df";"47"
"32562570";"2027612";"NA";"3.88941597939";"16.0595666232";"4";"1";"1";"rvnd_no_df";"90"
"94706960";"6179674";"NA";"1.90902590752";"15.3255592447";"3";"1";"1";"rvnd_no_df";"60"
"8246590";"1010537";"NA";"1.30697393417";"8.16060173947";"1";"1";"1";"rvnd_no_df";"52"
"71708662";"3447755";"NA";"9.16877388954";"20.7986536166";"6";"1";"1";"rvnd_no_df";"15"
"92895813";"6169908";"NA";"2.20671892166";"15.0562719898";"3";"1";"1";"rvnd_no_df";"45"
"189470146";"6898835";"NA";"1.99437999725";"27.4640785002";"2";"1";"1";"rvnd_no_df";"7"
"65954872";"3450588";"NA";"9.07648682594";"19.114096496";"6";"1";"1";"rvnd_no_df";"0"
"281077580";"14640613";"NA";"6.05625891685";"19.1984843804";"5";"1";"1";"rvnd_no_df";"81"
"92312363";"6121239";"NA";"2.52652192116";"15.0806663488";"3";"1";"1";"rvnd_no_df";"96"
"91460211";"6034363";"NA";"1.92916798592";"15.15656433";"3";"1";"1";"rvnd_no_df";"64"
"70184518";"3433982";"NA";"8.8214931488";"20.4382311847";"6";"1";"1";"rvnd_no_df";"38"
"33030365";"2026399";"NA";"3.67651796341";"16.3000302507";"4";"1";"1";"rvnd_no_df";"92"
"126942380";"5705599";"NA";"20.1673049927";"22.248738476";"7";"1";"1";"rvnd_no_df";"37"
"279711987";"14347684";"NA";"6.48701310158";"19.4952709441";"5";"1";"1";"rvnd_no_df";"66"
"68760054";"3452858";"NA";"9.62891507149";"19.9139536002";"6";"1";"1";"rvnd_no_df";"78"
"8827464";"1054739";"NA";"1.27947998047";"8.36933497292";"1";"1";"1";"rvnd_no_df";"88"
"31908990";"2007414";"NA";"4.7084031105";"15.8955701216";"4";"1";"1";"rvnd_no_df";"98"
"67315659";"3438684";"NA";"10.2324340343";"19.5759944793";"6";"1";"1";"rvnd_no_df";"34"
"130091010";"5692951";"NA";"19.5236840248";"22.8512435818";"7";"1";"1";"rvnd_no_df";"16"
"31264708";"2017062";"NA";"4.39457893372";"15.5001224553";"4";"1";"1";"rvnd_no_df";"7"
"8395946";"1037612";"NA";"1.40237784386";"8.09160456895";"1";"1";"1";"rvnd_no_df";"44"
"67024152";"3470362";"NA";"9.41879796982";"19.3133027621";"6";"1";"1";"rvnd_no_df";"61"
"282066516";"14474957";"NA";"5.96282505989";"19.4865184055";"5";"1";"1";"rvnd_no_df";"59"
"95379690";"6127448";"NA";"2.12422585487";"15.5659729793";"3";"1";"1";"rvnd_no_df";"11"
"198686825";"7170898";"NA";"2.0966489315";"27.7073840682";"2";"1";"1";"rvnd_no_df";"43"
"8317971";"1033964";"NA";"1.29687905312";"8.04473946869";"1";"1";"1";"rvnd_no_df";"82"
"95210664";"6257653";"NA";"2.12601494789";"15.2150756841";"3";"1";"1";"rvnd_no_df";"71"
"193635267";"6501516";"NA";"2.2976899147";"29.7830947428";"2";"1";"1";"rvnd_no_df";"37"
"95663378";"6145106";"NA";"2.29033899307";"15.5674089267";"3";"1";"1";"rvnd_no_df";"3"
"278987781";"14444674";"NA";"7.19650602341";"19.3142317369";"5";"1";"1";"rvnd_no_df";"68"
"32941226";"2004916";"NA";"4.05638885498";"16.4302275008";"4";"1";"1";"rvnd_no_df";"55"
"69857136";"3386828";"NA";"9.34589982033";"20.6261245035";"6";"1";"1";"rvnd_no_df";"36"
"68946218";"3494612";"NA";"9.94571208954";"19.7292912632";"6";"1";"1";"rvnd_no_df";"12"
"126157305";"5490047";"NA";"21.5152280331";"22.9792759516";"7";"1";"1";"rvnd_no_df";"18"
"132768619";"5524823";"NA";"22.1660220623";"24.0312891472";"7";"1";"1";"rvnd_no_df";"73"
"8784393";"1016180";"NA";"1.36166191101";"8.6445245921";"1";"1";"1";"rvnd_no_df";"48"
"8299265";"1044682";"NA";"1.3456659317";"7.94429788203";"1";"1";"1";"rvnd_no_df";"35"
"271147765";"14270978";"NA";"5.76099991798";"18.9999427509";"5";"1";"1";"rvnd_no_df";"90"
"733271";"137770";"NA";"1.21931099892";"5.32242868549";"0";"1";"1";"rvnd_no_df";"11"
"196820544";"7085003";"NA";"2.33279299736";"27.7798815329";"2";"1";"1";"rvnd_no_df";"92"
"67131457";"3423226";"NA";"9.22179913521";"19.6105828245";"6";"1";"1";"rvnd_no_df";"82"
"97066911";"6224813";"NA";"2.21830511093";"15.5935465049";"3";"1";"1";"rvnd_no_df";"52"
"127394624";"5626177";"NA";"20.3441641331";"22.6431951928";"7";"1";"1";"rvnd_no_df";"24"
"7881144";"1021009";"NA";"1.41030788422";"7.71897603253";"1";"1";"1";"rvnd_no_df";"38"
"282560801";"14275511";"NA";"6.41314005852";"19.7933931052";"5";"1";"1";"rvnd_no_df";"61"
"71985465";"3399890";"NA";"11.2550821304";"21.1728805932";"6";"1";"1";"rvnd_no_df";"66"
"32264193";"2009819";"NA";"4.02930521965";"16.0532829076";"4";"1";"1";"rvnd_no_df";"18"
"69981233";"3480804";"NA";"9.91463208199";"20.1049047864";"6";"1";"1";"rvnd_no_df";"69"
"31157499";"1961187";"NA";"3.85081791878";"15.8870617641";"4";"1";"1";"rvnd_no_df";"14"
"71300500";"3411234";"NA";"10.1838319302";"20.9016737052";"6";"1";"1";"rvnd_no_df";"4"
"175703606";"6996051";"NA";"2.00025582314";"25.1146834121";"2";"1";"1";"rvnd_no_df";"49"
"33221975";"1975400";"NA";"4.08943605423";"16.8178470183";"4";"1";"1";"rvnd_no_df";"52"
"719156";"142063";"NA";"1.24913311005";"5.06223295299";"0";"1";"1";"rvnd_no_df";"87"
"132927288";"5666077";"NA";"18.1003229618";"23.4601979465";"7";"1";"1";"rvnd_no_df";"55"
"33398859";"2042844";"NA";"3.66692709923";"16.3491970018";"4";"1";"1";"rvnd_no_df";"76"
"128702419";"5644508";"NA";"18.7167110443";"22.8013529257";"7";"1";"1";"rvnd_no_df";"66"
"71376813";"3456753";"NA";"9.12470507622";"20.6485140824";"6";"1";"1";"rvnd_no_df";"7"
"32064025";"1983234";"NA";"3.81220507622";"16.16754503";"4";"1";"1";"rvnd_no_df";"4"
"274877009";"14555649";"NA";"5.9534740448";"18.8845587716";"5";"1";"1";"rvnd_no_df";"43"
"34399321";"1999339";"NA";"3.73225188255";"17.2053468671";"4";"1";"1";"rvnd_no_df";"25"
"71151814";"3406374";"NA";"9.77917194366";"20.8878455507";"6";"1";"1";"rvnd_no_df";"30"
"72613740";"3455878";"NA";"9.36104011536";"21.01166187";"6";"1";"1";"rvnd_no_df";"49"
"92687375";"6260651";"NA";"2.15088510513";"14.8047503367";"3";"1";"1";"rvnd_no_df";"6"
"197071940";"7219838";"NA";"1.75222110748";"27.2958950048";"2";"1";"1";"rvnd_no_df";"72"
"787325";"144142";"NA";"1.27242708206";"5.46214843696";"0";"1";"1";"rvnd_no_df";"50"
"127535253";"5565868";"NA";"19.2236788273";"22.9138120056";"7";"1";"1";"rvnd_no_df";"8"
"72957819";"3423734";"NA";"9.9371471405";"21.3094297045";"6";"1";"1";"rvnd_no_df";"24"
"129823999";"5735093";"NA";"19.4088220596";"22.636773109";"7";"1";"1";"rvnd_no_df";"0"
"280329382";"14232448";"NA";"7.48296999931";"19.6964978899";"5";"1";"1";"rvnd_no_df";"62"
"132215809";"5559817";"NA";"22.3151838779";"23.7806044695";"7";"1";"1";"rvnd_no_df";"53"
"31358500";"1981915";"NA";"3.84404110909";"15.822323359";"4";"1";"1";"rvnd_no_df";"78"
"95756052";"6323344";"NA";"2.14250516891";"15.1432615401";"3";"1";"1";"rvnd_no_df";"95"
"90096247";"6131807";"NA";"2.17363381386";"14.6932620352";"3";"1";"1";"rvnd_no_df";"23"
"763956";"149728";"NA";"1.24314808846";"5.10229215644";"0";"1";"1";"rvnd_no_df";"26"
"88737217";"5977169";"NA";"2.20210599899";"14.8460277767";"3";"1";"1";"rvnd_no_df";"41"
"69810941";"3475987";"NA";"8.60584402084";"20.0837750544";"6";"1";"1";"rvnd_no_df";"35"
"189482063";"7427841";"NA";"2.36522603035";"25.5097090797";"2";"1";"1";"rvnd_no_df";"68"
"283294404";"14524569";"NA";"6.03361797333";"19.5044964157";"5";"1";"1";"rvnd_no_df";"44"
"200356574";"7178286";"NA";"2.8160431385";"27.9114783111";"2";"1";"1";"rvnd_no_df";"48"
"93628219";"6054973";"NA";"2.21323084831";"15.463028324";"3";"1";"1";"rvnd_no_df";"27"
"69581692";"3435597";"NA";"10.0020198822";"20.2531589124";"6";"1";"1";"rvnd_no_df";"39"
"197314419";"6816834";"NA";"2.31581711769";"28.9451700012";"2";"1";"1";"rvnd_no_df";"12"
"33847978";"2045600";"NA";"4.21966409683";"16.5467236996";"4";"1";"1";"rvnd_no_df";"72"
"93226319";"6485305";"NA";"2.29306697845";"14.3750091939";"3";"1";"1";"rvnd_no_df";"4"
"71397301";"3419420";"NA";"8.66910409927";"20.8799448444";"6";"1";"1";"rvnd_no_df";"50"
"130391406";"5620272";"NA";"21.4733190536";"23.2001949372";"7";"1";"1";"rvnd_no_df";"86"
"32403925";"2003556";"NA";"4.06396222115";"16.1732065388";"4";"1";"1";"rvnd_no_df";"40"
"130538885";"5630842";"NA";"18.1572468281";"23.1828357109";"7";"1";"1";"rvnd_no_df";"79"
"131723262";"5650126";"NA";"21.8671178818";"23.3133317735";"7";"1";"1";"rvnd_no_df";"54"
"91580160";"6114910";"NA";"2.25032782555";"14.9765344052";"3";"1";"1";"rvnd_no_df";"78"
"278441108";"14459695";"NA";"7.33029603958";"19.2563610782";"5";"1";"1";"rvnd_no_df";"76"
"185843005";"7594570";"NA";"2.50026297569";"24.4705105095";"2";"1";"1";"rvnd_no_df";"22"
"33965858";"1977496";"NA";"3.67285394669";"17.1761955524";"4";"1";"1";"rvnd_no_df";"8"
"96973250";"6069550";"NA";"2.22811508179";"15.9770081802";"3";"1";"1";"rvnd_no_df";"67"
"285195174";"14464375";"NA";"7.58704090118";"19.7170755045";"5";"1";"1";"rvnd_no_df";"93"
"288216008";"14335202";"NA";"7.19508814812";"20.1054723889";"5";"1";"1";"rvnd_no_df";"28"
"197051335";"7339482";"NA";"2.09803199768";"26.8481256579";"2";"1";"1";"rvnd_no_df";"61"
"723658";"142036";"NA";"1.23729896545";"5.09489143597";"0";"1";"1";"rvnd_no_df";"7"
"91619849";"5961246";"NA";"2.27589702606";"15.3692447854";"3";"1";"1";"rvnd_no_df";"33"
"193682624";"6646323";"NA";"2.28345489502";"29.1413197944";"2";"1";"1";"rvnd_no_df";"40"
"130100914";"5502964";"NA";"22.6948120594";"23.6419707634";"7";"1";"1";"rvnd_no_df";"60"
"131774746";"5589041";"NA";"20.8238458633";"23.5773446643";"7";"1";"1";"rvnd_no_df";"50"
"129668743";"5623168";"NA";"21.3708469868";"23.059731276";"7";"1";"1";"rvnd_no_df";"56"
"91022197";"6007091";"NA";"2.21450591087";"15.1524584861";"3";"1";"1";"rvnd_no_df";"22"
"71766834";"3438721";"NA";"10.2189161777";"20.8702113373";"6";"1";"1";"rvnd_no_df";"73"
"95008607";"6283036";"NA";"2.43429017067";"15.1214487709";"3";"1";"1";"rvnd_no_df";"37"
"724081";"157671";"NA";"1.22045707703";"4.59235369852";"0";"1";"1";"rvnd_no_df";"59"
"69149270";"3415895";"NA";"10.5512990952";"20.2433827738";"6";"1";"1";"rvnd_no_df";"90"
"184264495";"7116647";"NA";"2.07278394699";"25.8920380623";"2";"1";"1";"rvnd_no_df";"94"
"93227904";"6246352";"NA";"1.98147392273";"14.9251761668";"3";"1";"1";"rvnd_no_df";"49"
"131655726";"5656629";"NA";"18.9392790794";"23.2745909269";"7";"1";"1";"rvnd_no_df";"45"
"87379054";"6126253";"NA";"2.37328410149";"14.2630501874";"3";"1";"1";"rvnd_no_df";"63"
"268514231";"14671028";"NA";"7.50974392891";"18.3023460251";"5";"1";"1";"rvnd_no_df";"94"
"7744893";"1003485";"NA";"1.20641303062";"7.71799578469";"1";"1";"1";"rvnd_no_df";"63"
"8400299";"1036777";"NA";"1.34788799286";"8.10231997816";"1";"1";"1";"rvnd_no_df";"19"
"32916280";"2038790";"NA";"4.08715295792";"16.145007578";"4";"1";"1";"rvnd_no_df";"83"
"128133506";"5552671";"NA";"19.2736549377";"23.0760126073";"7";"1";"1";"rvnd_no_df";"65"
"199946845";"7272086";"NA";"2.42784976959";"27.4951155693";"2";"1";"1";"rvnd_no_df";"8"
"195095058";"7254901";"NA";"2.05155611038";"26.8914845289";"2";"1";"1";"rvnd_no_df";"38"
"92308714";"6055368";"NA";"2.23701095581";"15.244112992";"3";"1";"1";"rvnd_no_df";"82"
"723011";"158227";"NA";"1.32195782661";"4.56945401227";"0";"1";"1";"rvnd_no_df";"72"
"281731626";"14366269";"NA";"6.40713500977";"19.6106327955";"5";"1";"1";"rvnd_no_df";"48"
"742495";"152538";"NA";"1.19877719879";"4.86760676028";"0";"1";"1";"rvnd_no_df";"91"
"32972506";"2056145";"NA";"3.46311497688";"16.0360801403";"4";"1";"1";"rvnd_no_df";"34"
"8016421";"1012148";"NA";"1.32652902603";"7.92020633346";"1";"1";"1";"rvnd_no_df";"83"
"196219644";"7293528";"NA";"2.32150006294";"26.9032550502";"2";"1";"1";"rvnd_no_df";"84"
"280717038";"14529617";"NA";"7.34201383591";"19.3203329448";"5";"1";"1";"rvnd_no_df";"31"
"70373142";"3476753";"NA";"9.70256400108";"20.2410530745";"6";"1";"1";"rvnd_no_df";"72"
"8572403";"957981";"NA";"1.31142187119";"8.94840607486";"1";"1";"1";"rvnd_no_df";"12"
"8550599";"1091073";"NA";"1.27382111549";"7.83687159338";"1";"1";"1";"rvnd_no_df";"67"
"70293220";"3389464";"NA";"9.94172692299";"20.7387421728";"6";"1";"1";"rvnd_no_df";"85"
"770133";"151942";"NA";"1.22610282898";"5.06859854418";"0";"1";"1";"rvnd_no_df";"63"
"272546701";"14414400";"NA";"6.23635196686";"18.9079462898";"5";"1";"1";"rvnd_no_df";"91"
"7431067";"996128";"NA";"1.31903791428";"7.45995193389";"1";"1";"1";"rvnd_no_df";"23"
"279478035";"14404736";"NA";"6.55387616158";"19.4018158333";"5";"1";"1";"rvnd_no_df";"16"
"131175902";"5555350";"NA";"20.7449679375";"23.6125360238";"7";"1";"1";"rvnd_no_df";"44"
"130640372";"5626693";"NA";"19.4808881283";"23.2179669301";"7";"1";"1";"rvnd_no_df";"34"
"718218";"150273";"NA";"1.19185590744";"4.77942145296";"0";"1";"1";"rvnd_no_df";"71"
"8162378";"1009934";"NA";"1.38635492325";"8.08209051285";"1";"1";"1";"rvnd_no_df";"89"
"31489262";"2038739";"NA";"4.18069410324";"15.4454601594";"4";"1";"1";"rvnd_no_df";"89"
"70816120";"3442233";"NA";"9.69055604935";"20.5727270641";"6";"1";"1";"rvnd_no_df";"2"
"279183598";"14249916";"NA";"5.85559105873";"19.591946928";"5";"1";"1";"rvnd_no_df";"40"
"8614614";"987511";"NA";"1.25778102875";"8.72356257297";"1";"1";"1";"rvnd_no_df";"11"
"95481750";"6258207";"NA";"2.17726492882";"15.2570456682";"3";"1";"1";"rvnd_no_df";"39"
"827553";"144021";"NA";"1.24162387848";"5.74605786656";"0";"1";"1";"rvnd_no_df";"17"
"860414";"141820";"NA";"1.26249980927";"6.06694401354";"0";"1";"1";"rvnd_no_df";"13"
"7970450";"1016484";"NA";"1.26425814629";"7.84119572959";"1";"1";"1";"rvnd_no_df";"3"
"90163391";"6168882";"NA";"2.26747298241";"14.6158397907";"3";"1";"1";"rvnd_no_df";"85"
"7619890";"1058037";"NA";"1.32473802567";"7.20191259852";"1";"1";"1";"rvnd_no_df";"5"
"129926067";"5576621";"NA";"18.7542071342";"23.298349843";"7";"1";"1";"rvnd_no_df";"26"
"816871";"152784";"NA";"1.26637911797";"5.34657424861";"0";"1";"1";"rvnd_no_df";"48"
"689803";"163003";"NA";"1.218957901";"4.23184235873";"0";"1";"1";"rvnd_no_df";"45"
"202495856";"7266840";"NA";"1.94939088821";"27.8657375145";"2";"1";"1";"rvnd_no_df";"82"
"32481960";"2035259";"NA";"3.51603007317";"15.9596198813";"4";"1";"1";"rvnd_no_df";"30"
"32722644";"2045713";"NA";"4.4405169487";"15.9957159191";"4";"1";"1";"rvnd_no_df";"28"
"70293749";"3383306";"NA";"9.33368992805";"20.7766453877";"6";"1";"1";"rvnd_no_df";"23"
"758886";"155692";"NA";"1.25";"4.87427741952";"0";"1";"1";"rvnd_no_df";"31"
"190823807";"7064843";"NA";"2.46859693527";"27.0103393664";"2";"1";"1";"rvnd_no_df";"14"
"71386754";"3441238";"NA";"9.49891591072";"20.744497765";"6";"1";"1";"rvnd_no_df";"93"
"32673780";"1997220";"NA";"4.10993885994";"16.3596298855";"4";"1";"1";"rvnd_no_df";"46"
"95291732";"6144300";"NA";"2.32445192337";"15.5089647315";"3";"1";"1";"rvnd_no_df";"81"
"130896530";"5676889";"NA";"21.8901970387";"23.0577927453";"7";"1";"1";"rvnd_no_df";"35"
"129646033";"5739677";"NA";"18.9674320221";"22.5876879483";"7";"1";"1";"rvnd_no_df";"40"
"702535";"150042";"NA";"1.23791599274";"4.68225563509";"0";"1";"1";"rvnd_no_df";"75"
"92071074";"6095746";"NA";"2.1705198288";"15.1041519775";"3";"1";"1";"rvnd_no_df";"47"
"704095";"172219";"NA";"1.23973798752";"4.08837004047";"0";"1";"1";"rvnd_no_df";"97"
"7823326";"1001728";"NA";"1.35972714424";"7.8098306127";"1";"1";"1";"rvnd_no_df";"87"
"130208151";"5559544";"NA";"22.332752943";"23.4206530248";"7";"1";"1";"rvnd_no_df";"74"
"8395337";"998201";"NA";"1.27031683922";"8.41046743091";"1";"1";"1";"rvnd_no_df";"94"
"130924064";"5614402";"NA";"19.8081009388";"23.3193248364";"7";"1";"1";"rvnd_no_df";"31"
"190116426";"6919105";"NA";"2.24526500702";"27.4770257136";"2";"1";"1";"rvnd_no_df";"20"
"71024645";"3437819";"NA";"9.16512989998";"20.6597976799";"6";"1";"1";"rvnd_no_df";"62"
"89596564";"6060466";"NA";"2.40431594849";"14.783774713";"3";"1";"1";"rvnd_no_df";"7"
"190959144";"7323285";"NA";"1.82063293457";"26.0756127885";"2";"1";"1";"rvnd_no_df";"91"
"92108481";"6033506";"NA";"2.22848105431";"15.2661621618";"3";"1";"1";"rvnd_no_df";"61"
"32629945";"2028986";"NA";"3.87436413765";"16.0818975587";"4";"1";"1";"rvnd_no_df";"70"
"757335";"144529";"NA";"1.27223706245";"5.24002103384";"0";"1";"1";"rvnd_no_df";"86"
"182914763";"6553045";"NA";"2.10865688324";"27.9129416935";"2";"1";"1";"rvnd_no_df";"24"
"7110617";"1051495";"NA";"1.27373099327";"6.76238783827";"1";"1";"1";"rvnd_no_df";"81"
"803842";"159396";"NA";"1.30420207977";"5.0430500138";"0";"1";"1";"rvnd_no_df";"60"
"695896";"142500";"NA";"1.31668782234";"4.88348070175";"0";"1";"1";"rvnd_no_df";"99"
"779364";"146519";"NA";"1.25975298882";"5.31920092275";"0";"1";"1";"rvnd_no_df";"40"
"94734733";"6329168";"NA";"1.94784498215";"14.9679599278";"3";"1";"1";"rvnd_no_df";"58"
"282818681";"14539471";"NA";"6.13403391838";"19.4517861757";"5";"1";"1";"rvnd_no_df";"67"
"7719249";"1009019";"NA";"1.31397104263";"7.65025138278";"1";"1";"1";"rvnd_no_df";"21"
"32382816";"2008859";"NA";"3.2941660881";"16.1200044403";"4";"1";"1";"rvnd_no_df";"12"
"91383148";"6093761";"NA";"2.33771491051";"14.9961818325";"3";"1";"1";"rvnd_no_df";"43"
"71603452";"3436417";"NA";"9.26599812508";"20.8366598117";"6";"1";"1";"rvnd_no_df";"19"
"130984213";"5567405";"NA";"21.9843130112";"23.5269776494";"7";"1";"1";"rvnd_no_df";"52"
"129134060";"5658833";"NA";"18.693021059";"22.8199100415";"7";"1";"1";"rvnd_no_df";"36"
"92383230";"6414453";"NA";"2.25191998482";"14.402355119";"3";"1";"1";"rvnd_no_df";"26"
"70971382";"3456740";"NA";"10.2598621845";"20.5313046396";"6";"1";"1";"rvnd_no_df";"92"
"286591114";"14451749";"NA";"7.32857203484";"19.8308947934";"5";"1";"1";"rvnd_no_df";"63"
"796001";"143711";"NA";"1.13376498222";"5.53890098879";"0";"1";"1";"rvnd_no_df";"81"
"71303167";"3442582";"NA";"9.37375879288";"20.7121186946";"6";"1";"1";"rvnd_no_df";"33"
