in1initial;in3initial;in6initial;in5initial;in0initial;in2initial;in4initial;in7initial;in1final;in3final;in6final;in5final;in0final;in2final;in4final;in7final;in1time;in3time;in6time;in5time;in0time;in2time;in4time;in7time;in1count;in3count;in6count;in5count;in0count;in2count;in4count;in7count;in1imp;in3imp;in6imp;in5imp;in0imp;in2imp;in4imp;in7imp
8670796;16801647;28536548;83873134;558778;13437654;33439101;134792339;1027944;6137218;3368329;15332117;136816;7403112;1986375;5512502;3.18975901604;3.52048492432;4.82338619232;4.94920682907;3.11865997314;3.18940377235;4.70910096169;8.79927301407;122;291;526;635;61;85;685;1179;8.43508595799;2.73766501369;8.4720192119;5.47042094709;4.08415682376;1.81513585098;16.8342337172;24.4521161171
8670796;16801647;28536548;83873134;558778;13437654;33439101;134792339;964674;6047066;3435066;14989905;138092;7403274;1961918;5508087;4.10784506798;3.1278321743;5.09099698067;4.82124209404;3.04782795906;2.94981098175;4.66928505898;9.32436704636;122;226;573;642;58;85;642;1243;8.98831729683;2.77847918313;8.30742349638;5.59530790889;4.04641832981;1.81509613179;17.0440869598;24.4717156791
8670796;16801647;28536548;83873134;558778;13437654;33439101;134792339;1011610;6065934;3387861;15017118;153673;7418350;1989554;5638986;4.03679800034;3.38618206978;5.29981184006;4.69802498817;2.92214989662;3.1292412281;4.53765106201;9.01593279839;125;269;664;545;61;108;617;1229;8.57128339973;2.7698367638;8.42317556712;5.58516847241;3.63614948625;1.81140738844;16.8073352118;23.9036484574
8670796;16801647;28536548;83873134;558778;13437654;33439101;134792339;1028707;5911027;3435998;15124942;144735;7415686;1969943;5590729;3.20317912102;3.64122796059;5.17858791351;5.12762188911;2.9957909584;3.05972099304;4.69794416428;9.53111410141;115;279;618;489;82;112;695;1370;8.42882958899;2.84242433675;8.30517014271;5.54535243838;3.86069713615;1.81205811573;16.974654089;24.1099754612
8670796;16801647;28536548;83873134;558778;13437654;33439101;134792339;1020823;6097145;3403812;15657351;136816;7169192;2016802;5503853;3.13742804527;3.50795793533;5.31546497345;5.23756480217;3.23303699493;3.13692188263;4.32479810715;9.0285410881;107;221;635;478;81;80;546;1218;8.49392695893;2.755658099;8.38370274269;5.35678953611;4.08415682376;1.87436101586;16.5802597379;24.4905412626
8670796;16801647;28536548;83873134;558778;13437654;33439101;134792339;1015811;6361824;3439545;15305465;136516;7193400;1998390;5463474;3.18108105659;4.55416417122;5.29288291931;4.40213394165;3.13816905022;2.88670301437;4.62326693535;8.49679708481;140;253;656;430;93;72;642;1204;8.53583589861;2.64101097421;8.29660551032;5.47994680332;4.09313194058;1.86805321545;16.7330205816;24.6715439663
8670796;16801647;28536548;83873134;558778;13437654;33439101;134792339;1032132;6193796;3445015;15251433;139340;7137237;2050039;5599713;3.03353714943;3.42072081566;5.24403810501;4.63244605064;3.03872489929;3.11427307129;4.41891694069;8.94822788239;93;244;641;516;79;96;623;1195;8.40085957998;2.71265747209;8.28343214761;5.49936087973;4.01017654658;1.88275294767;16.31144627;24.0712941895
8670796;16801647;28536548;83873134;558778;13437654;33439101;134792339;1085165;6284671;3482330;14911708;147398;7206524;2028248;5518765;2.9906141758;3.33190703392;5.90576791763;4.96638798714;3.04755806923;2.82428503036;4.80583095551;9.53109693527;103;182;610;599;59;96;687;1402;7.99030193565;2.67343302458;8.19467080949;5.62464970478;3.79094695993;1.86465125212;16.4866924558;24.4243665023
8670796;16801647;28536548;83873134;558778;13437654;33439101;134792339;981894;6359503;3401083;15142731;139724;7125670;2013127;5593982;3.17362189293;3.56389713287;4.77152609825;4.33760595322;2.90318894386;3.26208400726;4.63624191284;8.38733887672;136;221;588;514;61;108;624;1186;8.83068437123;2.64197485244;8.39042975429;5.53883800749;3.99915547794;1.88580919408;16.610527304;24.0959550817
8670796;16801647;28536548;83873134;558778;13437654;33439101;134792339;996400;6233878;3459241;15087722;149934;7414410;2018656;5579189;3.4448800087;3.45294904709;4.50912189484;4.80647778511;2.84360790253;3.02687907219;4.47903609276;9.18995904922;173;267;525;584;60;80;694;1204;8.70212364512;2.69521588328;8.24936684088;5.55903230455;3.72682647031;1.81236996605;16.5650318826;24.1598445581
8670796;16801647;28536548;83873134;558778;13437654;33439101;134792339;1056794;6244628;3440669;14980225;139310;7151327;2041621;5628477;3.22449707985;3.10924220085;5.08791613579;4.4320909977;3.17545795441;2.79415583611;4.35232496262;9.24933195114;117;252;559;547;66;113;611;1240;8.20481191226;2.69057612399;8.29389516981;5.59892351417;4.01104012634;1.87904342788;16.3787015318;23.9482792592
8670796;16801647;28536548;83873134;558778;13437654;33439101;134792339;994041;6291608;3399895;15368614;142960;7218640;2014425;5595544;3.32945108414;3.24753808975;5.27576088905;4.44833707809;2.76882505417;4.36731696129;4.87230706215;9.2858672142;127;243;636;561;50;124;693;1336;8.72277501632;2.67048535128;8.3933615597;5.45742992829;3.90863178511;1.86152156085;16.5998242675;24.0892286791
8670796;16801647;28536548;83873134;558778;13437654;33439101;134792339;1001662;6275539;3406560;15020175;148029;7173848;2012955;5589399;3.20810508728;3.03583788872;5.5510571003;4.32824587822;3.70323801041;3.09804487228;4.11908197403;9.34632086754;108;179;664;459;56;114;567;1260;8.65640904816;2.6773233343;8.37693978676;5.58403174397;3.77478737274;1.87314451045;16.6119466158;24.1157124406
8670796;16801647;28536548;83873134;558778;13437654;33439101;134792339;1046028;6460524;3472844;15402308;139556;7420068;2001366;5557115;2.89725708961;3.43698596954;5.05027198792;4.67263388634;2.93289494514;3.04041576385;4.68834900856;9.35471701622;119;198;577;540;56;88;602;1298;8.28925803133;2.60066319698;8.21705437964;5.44549128611;4.00396973258;1.81098798555;16.7081388412;24.2558124135
8670796;16801647;28536548;83873134;558778;13437654;33439101;134792339;1086164;6193399;3397162;15322441;138159;7407286;1985631;5575212;3.17425298691;4.60102891922;5.03938293457;4.67492794991;2.66012096405;3.0910089016;4.64846205711;10.0669181347;115;270;627;522;64;57;618;1261;7.98295285058;2.7128313548;8.40011397749;5.47387547454;4.0444560253;1.81411302331;16.8405413695;24.1770786474
8670796;16801647;28536548;83873134;558778;13437654;33439101;134792339;970537;6381750;3444363;15472492;154266;7131394;2010926;5484102;3.47558283806;3.68960690498;5.01734805107;4.17682385445;3.33842396736;4.13650393486;4.57669401169;10.2777519226;170;260;555;449;72;86;588;1328;8.93401900185;2.63276483723;8.28500015823;5.42079026443;3.62217209236;1.88429555288;16.6287078689;24.5787439767
8670796;16801647;28536548;83873134;558778;13437654;33439101;134792339;1086193;6229726;3452746;15435341;137463;7177900;2018454;5633730;3.18122601509;3.48204612732;5.50199103355;4.02965903282;3.77864980698;2.88795495033;4.34943199158;9.77945494652;97;225;658;435;89;90;529;1320;7.98273971569;2.69701219604;8.26488481921;5.43383745134;4.06493383674;1.87208710068;16.5666896546;23.9259494154
8670796;16801647;28536548;83873134;558778;13437654;33439101;134792339;1001904;6335401;3526722;14879714;136813;7184346;1960368;5610065;3.17641496658;3.31420397758;4.65491485596;4.37544822693;3.36010599136;3.38324284554;4.38980412483;9.46389102936;104;237;519;483;72;108;670;1282;8.65431817819;2.65202581494;8.09152181544;5.6367436901;4.0842463801;1.87040741078;17.0575631718;24.0268765157
8670796;16801647;28536548;83873134;558778;13437654;33439101;134792339;985451;6399121;3403109;15159924;136632;7150109;2000270;5574840;3.13094782829;2.11182188988;5.89906215668;4.43306088448;2.861317873;3.19334697723;4.20060300827;9.151086092;136;187;579;517;75;123;617;1303;8.79880988502;2.62561795597;8.38543461288;5.53255636374;4.08965688858;1.8793635174;16.7172936654;24.1786919445
8670796;16801647;28536548;83873134;558778;13437654;33439101;134792339;970728;6345968;3420628;15227530;139340;7220823;2004010;5604723;3.09264802933;4.32679986954;4.7306292057;4.38598918915;3.06988811493;4.19799780846;4.95098495483;9.2124979496;103;189;536;542;70;93;748;1255;8.93226114833;2.6476097894;8.34248798759;5.50799335152;4.01017654658;1.86095878545;16.6860948798;24.0497771255
8670796;16801647;28536548;83873134;558778;13437654;33439101;134792339;992450;5985588;3416507;15062996;140771;7192320;1986251;5546530;3.20252108574;3.47367119789;4.96866893768;5.8940320015;3.11754107475;2.91322684288;4.42575192451;10.5375740528;153;269;541;656;71;74;734;1259;8.73675852688;2.80701695473;8.3525507192;5.56815749005;3.96941131341;1.86833372264;16.8352846644;24.3021022153
8670796;16801647;28536548;83873134;558778;13437654;33439101;134792339;997054;6471709;3364673;15459774;142177;7419840;2020094;5702813;3.18934297562;3.36401319504;5.22892093658;4.33432507515;3.13788819313;2.98071098328;4.67619681358;9.82873988152;121;174;650;529;80;95;661;1231;8.69641564048;2.59616849274;8.48122477281;5.42524968347;3.93015747976;1.81104363436;16.5532400967;23.6361141423
8670796;16801647;28536548;83873134;558778;13437654;33439101;134792339;1021292;5818644;3405917;15392823;147031;7426069;1957855;5584524;3.23377490044;3.56136202812;5.02502298355;3.93864202499;2.91777205467;2.7219350338;5.15882396698;9.02807116508;161;323;603;455;76;97;779;1334;8.49002635877;2.88755369808;8.37852126167;5.44884677749;3.80040943747;1.80952452771;17.0794573653;24.1367642077
8670796;16801647;28536548;83873134;558778;13437654;33439101;134792339;992779;6175394;3461257;15213494;145168;7189662;2035029;5643098;3.23200106621;3.49407792091;5.31836414337;4.76630687714;3.0080010891;3.23126506805;4.03730797768;9.23370909691;115;253;560;620;63;87;555;1247;8.73386322636;2.72074089524;8.24456201894;5.5130750372;3.84918163783;1.86902444093;16.4317565008;23.8862304004
8670796;16801647;28536548;83873134;558778;13437654;33439101;134792339;1001931;6236666;3377038;15243966;138210;7134290;2050680;5575700;3.0519349575;3.51761889458;5.49616885185;4.94689393044;2.96384310722;3.15542888641;4.18960404396;9.24338912964;126;281;759;618;70;112;555;1320;8.65408496194;2.69401103089;8.45017083018;5.50205464903;4.04296360611;1.88353066668;16.3063476505;24.1749626056
8670796;16801647;28536548;83873134;558778;13437654;33439101;134792339;1028756;6208052;3371528;15126647;138092;7192797;1971015;5584275;3.18494105339;3.23104596138;5.76770806313;4.37148690224;3.29092693329;4.02104306221;4.72049808502;9.68998718262;147;230;563;487;72;99;682;1363;8.42842812095;2.70642820002;8.46398072328;5.54472739398;4.04641832981;1.86820982158;16.9654218765;24.1378404538
8670796;16801647;28536548;83873134;558778;13437654;33439101;134792339;989088;6119177;3383367;15305971;143509;7417266;2069742;5660780;2.9325799942;3.38910198212;6.34772896767;4.53565001488;2.97159790993;2.99603891373;5.11444401741;9.56210303307;130;232;859;499;70;85;786;1290;8.7664555631;2.7457363956;8.43436375658;5.47976564179;3.89367914207;1.81167211746;16.1561687399;23.8116194235
8670796;16801647;28536548;83873134;558778;13437654;33439101;134792339;1027119;6340310;3447311;15266538;152641;7406383;2036433;5554379;3.18366599083;4.185557127;5.10399603844;3.91954088211;3.00918102264;3.30353689194;4.8411090374;8.66620993614;102;178;538;473;69;137;638;1128;8.44186116701;2.64997247769;8.27791516344;5.49391970858;3.66073335473;1.81433420335;16.4204277774;24.2677604463
8670796;16801647;28536548;83873134;558778;13437654;33439101;134792339;1037739;6333206;3426659;15309139;139669;7155484;1996463;5577220;2.983741045;3.3346850872;4.90156006813;5.0986058712;2.93672394753;3.42745900154;5.26358103752;10.8698210716;128;226;626;516;78;135;563;1443;8.35546895703;2.65294496974;8.32780501357;5.4786316853;4.00073029806;1.87795179194;16.7491714096;24.1683740286
8670796;16801647;28536548;83873134;558778;13437654;33439101;134792339;1012160;6245949;3413460;15180576;140788;7185840;2021381;5583126;3.27573990822;3.0082449913;4.96289110184;4.25056600571;2.97967290878;3.17452001572;4.98671483994;10.8457279205;105;162;620;445;59;120;543;1347;8.56662582991;2.69000707499;8.36000656226;5.52502974854;3.96893201125;1.87001853646;16.5427007576;24.1428079896
8670796;16801647;28536548;83873134;558778;13437654;33439101;134792339;1006412;6374519;3450244;15364401;144577;7412923;1992373;5552540;3.10784697533;3.54846191406;5.27474808693;4.21430683136;2.94473290443;4.04918003082;4.55230498314;8.79501199722;140;249;637;454;62;97;633;1218;8.61555307369;2.63575134061;8.27087823354;5.45892638444;3.86491627299;1.81273351956;16.7835545854;24.2757979231
8670796;16801647;28536548;83873134;558778;13437654;33439101;134792339;1021736;5873275;3475628;15429473;149632;7200372;1988910;5553368;3.25739407539;3.47235798836;5.41050601006;4.50763106346;2.94022107124;2.86439609528;4.39253902435;9.11935114861;109;248;718;481;69;70;549;1228;8.48633697942;2.86069475718;8.21047246713;5.43590400009;3.73434826775;1.86624441071;16.8127773504;24.272178433
8670796;16801647;28536548;83873134;558778;13437654;33439101;134792339;1022559;6208461;3374750;15438575;140879;7200240;1970950;5572868;3.28347706795;3.5218360424;5.50495696068;4.33581185341;2.7892241478;3.24779701233;4.85588693619;9.24072194099;137;233;583;471;49;77;718;1303;8.47950680596;2.70624990638;8.45589984443;5.43269919666;3.96636830188;1.86627862405;16.9659813795;24.1872477511
8670796;16801647;28536548;83873134;558778;13437654;33439101;134792339;1049883;6332524;3383508;15145228;143948;7128702;1991576;5630566;3.34796714783;3.23369693756;6.09124016762;4.0447409153;3.02335214615;3.15290212631;4.61994600296;9.55989789963;160;217;728;502;66;107;660;1302;8.25882122103;2.65323068653;8.43401227365;5.53792481698;3.88180454053;1.8850071163;16.790271122;23.9393941923
8670796;16801647;28536548;83873134;558778;13437654;33439101;134792339;1010581;6162178;3395939;15452903;145420;7145238;2035511;5594648;3.09259104729;2.91464805603;5.81631302834;4.72602915764;3.01969504356;3.12076807022;5.01053500175;9.0230410099;147;155;551;563;63;95;484;1220;8.58001090462;2.72657605801;8.40313916122;5.42766197393;3.84251134644;1.88064470351;16.4278655335;24.0930866428
8670796;16801647;28536548;83873134;558778;13437654;33439101;134792339;1019813;6265803;3380929;15269529;136517;7181318;2001553;5594118;3.10847496986;4.47548890114;5.5932199955;3.93394804001;3.3417429924;3.33026099205;5.09612989426;8.51730895042;117;211;694;448;80;114;553;1163;8.50233915434;2.68148344274;8.44044580646;5.49284355791;4.093101958;1.87119606735;16.7065778423;24.0953692789
8670796;16801647;28536548;83873134;558778;13437654;33439101;134792339;1091940;6308087;3433967;15509511;139713;7198922;1984504;5595033;3.34392595291;3.41656398773;5.1218559742;4.5153529644;4.18542599678;2.7904779911;4.24848198891;9.49428081512;87;190;608;481;78;61;640;1437;7.9407256809;2.66350907969;8.31008218774;5.40785160796;3.99947034277;1.86662030787;16.8501051144;24.0914287726
8670796;16801647;28536548;83873134;558778;13437654;33439101;134792339;972645;6419598;3448856;15176044;146710;7416766;1982931;5661354;3.51104688644;3.54607582092;4.42846894264;4.55575895309;3.17717599869;3.27256703377;4.09900093079;9.02648687363;110;156;521;465;69;121;547;1284;8.91465642655;2.61724285539;8.27420686744;5.52667968016;3.80872469498;1.81179425103;16.8634718001;23.8092051831
8670796;16801647;28536548;83873134;558778;13437654;33439101;134792339;951865;5813072;3469347;14998962;141419;7135092;2032410;5641827;4.20156908035;3.83772397041;5.05430912971;4.55858802795;3.16031217575;3.04382395744;4.81358098984;9.01207304001;150;296;628;587;68;72;698;1210;9.10927074743;2.89032150298;8.2253369294;5.59192922817;3.95122296155;1.8833189537;16.4529307571;23.8916115294
8670796;16801647;28536548;83873134;558778;13437654;33439101;134792339;1024414;6217550;3431972;14919372;135755;7422262;2010828;5535075;3.2552280426;3.40586900711;5.02669787407;4.8087849617;3.95572805405;2.94890213013;4.71837496758;9.27192091942;132;263;546;561;74;100;668;1293;8.46415218847;2.70229382956;8.31491282563;5.62176035292;4.11607675592;1.81045266254;16.629518288;24.3523961283
8670796;16801647;28536548;83873134;558778;13437654;33439101;134792339;985871;6489159;3440379;15052473;134550;7415686;2003866;5582626;4.12475204468;3.34648704529;5.01594209671;4.83756685257;2.89073801041;3.17904686928;4.06849884987;9.21889090538;162;211;579;566;67;84;674;1286;8.79506142284;2.58918713504;8.29459428743;5.57205012093;4.15293942772;1.81205811573;16.6872939608;24.1449703061
8670796;16801647;28536548;83873134;558778;13437654;33439101;134792339;1044615;6213149;3440253;15357863;140819;7171786;1989271;5629973;3.28304219246;3.6503238678;5.17860412598;4.54022216797;3.19745612144;3.22155714035;4.8483068943;9.6565220356;107;309;544;536;74;88;694;1305;8.30047050827;2.70420796282;8.29489807872;5.46125030546;3.96805828759;1.87368306862;16.8097262766;23.9419157072
8670796;16801647;28536548;83873134;558778;13437654;33439101;134792339;1032902;5907185;3397929;15328615;147770;7134634;1982111;5580243;3.08858799934;3.51972389221;5.31507015228;4.16384601593;3.99117803574;2.97013497353;4.33522605896;10.2126529217;105;307;620;464;70;87;651;1498;8.39459697048;2.8442730336;8.39821785564;5.47167072824;3.78140353252;1.88343985129;16.8704482241;24.1552812306
8670796;16801647;28536548;83873134;558778;13437654;33439101;134792339;1006888;6200486;3454745;15196217;136546;7147991;1996043;5499562;3.4598300457;3.4487798214;6.1890130043;4.38551902771;3.07989382744;3.1773109436;4.98546409607;10.1435351372;140;190;655;476;70;113;599;1399;8.6114801249;2.7097306566;8.2601025546;5.51934300491;4.0922326542;1.87992038602;16.7526957085;24.5096498594
8670796;16801647;28536548;83873134;558778;13437654;33439101;134792339;1068399;5801279;3436504;15368857;148646;7200972;2024462;5691031;3.07206392288;3.31701087952;5.24055695534;5.56754684448;3.99467492104;3.25479793549;4.56929779053;9.48700690269;83;290;602;534;45;104;616;1255;8.11569086081;2.89619702828;8.30394726734;5.4573436398;3.75911898067;1.86608891133;16.5175246559;23.6850474018
8670796;16801647;28536548;83873134;558778;13437654;33439101;134792339;998504;6349446;3419612;15420991;144765;7202052;1993547;5567169;2.91518115997;3.29725694656;4.82761406898;4.53443098068;3.09589886665;2.86642813683;4.65405511856;10.2944960594;120;177;537;488;56;83;722;1301;8.68378694527;2.64615952321;8.34496662194;5.43889390766;3.85989707457;1.86580907775;16.7736707487;24.2120077547
8670796;16801647;28536548;83873134;558778;13437654;33439101;134792339;1026974;6409187;3482371;15484057;136952;7181634;2046074;5665536;3.07938289642;3.53517103195;4.87928318977;5.59126019478;2.98757100105;3.32090997696;4.66374993324;9.37297916412;99;192;517;532;73;113;653;1275;8.44305308606;2.62149427065;8.19457432881;5.41674149094;4.0801010573;1.87111373261;16.3430555298;23.791630483
8670796;16801647;28536548;83873134;558778;13437654;33439101;134792339;1024529;6281319;3453947;15176246;137191;7410358;2070025;5625215;4.21417999268;3.47959399223;4.78692483902;4.86129498482;3.15039205551;3.05616903305;4.31630897522;8.85021901131;148;237;568;588;80;91;535;1228;8.46320211531;2.67485969109;8.2620109689;5.52660611854;4.07299312637;1.81336097392;16.1539599763;23.9621666016
8670796;16801647;28536548;83873134;558778;13437654;33439101;134792339;1029090;6061663;3393776;15060835;147361;7406614;2006642;5508823;3.08130717278;4.52368092537;4.98187184334;4.44443798065;3.09572601318;3.01010704041;4.48505711555;10.2827899456;106;252;580;507;59;125;637;1377;8.4256926022;2.77178836897;8.40849484468;5.56895643568;3.79189880633;1.81427761728;16.664208663;24.4684461635
8670796;16801647;28536548;83873134;558778;13437654;33439101;134792339;1023816;6060802;3394862;14937428;144075;7193400;2054699;5481205;2.82870388031;2.50933599472;5.7733271122;4.83870005608;3.73308801651;3.18034386635;4.83122086525;9.89307785034;153;252;541;584;89;69;663;1450;8.46909600944;2.77218213035;8.40580500769;5.6149649056;3.87838278674;1.86805321545;16.274452365;24.5917346642
8670796;16801647;28536548;83873134;558778;13437654;33439101;134792339;1012175;6226248;3419851;15322692;142880;7405534;2023200;5556632;3.37598204613;3.56239080429;5.31415510178;5.38096094131;3.2218940258;3.13323903084;4.69725108147;9.24690198898;172;230;586;538;95;95;706;1306;8.56649887618;2.69851875479;8.34438342489;5.47378580735;3.91082026876;1.81454220587;16.5278276987;24.2579208053
8670796;16801647;28536548;83873134;558778;13437654;33439101;134792339;1025697;6298176;3413018;15242697;138092;7180630;2044926;5517823;3.0922369957;3.31024384499;5.78477096558;4.65208482742;2.99095988274;3.29857516289;4.9019370079;9.62442398071;109;265;788;491;76;104;767;1366;8.4535647467;2.66770045804;8.36108921781;5.5025127115;4.04641832981;1.87137535286;16.3522303497;24.428536218
8670796;16801647;28536548;83873134;558778;13437654;33439101;134792339;1050463;6186700;3404012;15607518;138092;7413109;2045656;5520688;3.06696295738;3.57668995857;4.98985600471;4.06562900543;2.9774889946;1.99223804474;4.99475288391;9.19838881493;103;247;557;508;56;77;755;1290;8.25426121624;2.71576882668;8.38321016495;5.3738931456;4.04641832981;1.81268803683;16.3463949951;24.4158588567
8670796;16801647;28536548;83873134;558778;13437654;33439101;134792339;1034768;6118623;3391426;15186016;140654;7176884;1972688;5560439;3.29876589775;2.93509602547;4.94464206696;4.75865006447;3.03866314888;2.95285105705;4.42897701263;9.25911092758;101;192;556;597;78;96;738;1292;8.37945897051;2.74598500349;8.4143212914;5.52305054861;3.9727131827;1.87235212385;16.9510338178;24.2413124216
8670796;16801647;28536548;83873134;558778;13437654;33439101;134792339;984411;6358713;3455253;15487574;136816;7198819;2006086;5458623;2.11129021645;3.4511089325;5.28714299202;4.87517404556;3.23867607117;3.21326112747;4.59685015678;8.8493039608;149;203;626;548;76;108;593;1167;8.80810555754;2.64230308869;8.25888813352;5.41551142871;4.08415682376;1.8666470153;16.6688272587;24.6934692138
8670796;16801647;28536548;83873134;558778;13437654;33439101;134792339;980110;5899321;3467332;15044484;142177;7432012;2027469;5559268;3.30747795105;3.63399600983;4.75776004791;5.39193201065;3.02023005486;3.17273497581;4.35410499573;9.32883000374;148;324;533;580;75;99;604;1342;8.84675801696;2.84806454845;8.23011698909;5.57500901992;3.93015747976;1.80807754347;16.4930270204;24.2464185932
8670796;16801647;28536548;83873134;558778;13437654;33439101;134792339;1037936;6264119;3393746;15366574;143426;7201096;2012764;5582623;3.25313210487;3.64984202385;5.34451913834;3.93167805672;2.98100686073;3.16580080986;5.42616295815;10.1303598881;136;206;656;420;80;102;666;1382;8.35388309106;2.68220431317;8.408569174;5.45815443312;3.89593239719;1.86605677802;16.6135229962;24.1449832812
8670796;16801647;28536548;83873134;558778;13437654;33439101;134792339;1024331;6413891;3417719;15252436;144075;7143814;2020536;5566891;3.11477684975;4.2976140976;5.29667901993;4.16246795654;3.14359498024;3.03340101242;5.01993203163;9.67789292336;161;142;672;405;74;106;815;1188;8.46483802599;2.61957164536;8.34958871692;5.49899924183;3.87838278674;1.88101957862;16.549619012;24.2132168566
8670796;16801647;28536548;83873134;558778;13437654;33439101;134792339;964758;6224067;3441514;15098676;137703;7405534;2018092;5545609;3.32140922546;3.23224902153;4.99567818642;4.29037690163;3.19689011574;3.14266586304;4.69747900963;9.465747118;129;187;531;571;79;77;734;1342;8.98753469782;2.69946435345;8.29185875751;5.55499925954;4.05784913909;1.81454220587;16.5696613435;24.3061382438
8670796;16801647;28536548;83873134;558778;13437654;33439101;134792339;974190;5989338;3500125;15336675;136816;7135858;1982111;5643303;2.24039721489;3.21702098846;5.36806797981;4.47439980507;3.21473097801;3.17636489868;4.34693813324;9.12470507622;131;261;616;490;61;81;565;1230;8.90051837937;2.80525944604;8.15300824971;5.46879515932;4.08415682376;1.88311678848;16.8704482241;23.8853627034
8670796;16801647;28536548;83873134;558778;13437654;33439101;134792339;996035;6264213;3420964;15454239;146598;7417480;2016055;5572142;3.38575911522;4.53151798248;5.31900310516;4.27607488632;3.17267489433;3.30579614639;4.38845801353;9.43182897568;127;212;686;547;63;104;585;1313;8.70531256432;2.68216406434;8.34166860569;5.42719275922;3.81163453799;1.81161984933;16.5864031487;24.190399132
8670796;16801647;28536548;83873134;558778;13437654;33439101;134792339;1023816;6329444;3469472;14924779;140011;7402866;2022229;5682294;4.35334396362;3.51183605194;4.85976910591;4.73553800583;3.1610929966;3.90169596672;4.66418194771;9.95034599304;142;243;555;556;60;72;621;1373;8.46909600944;2.65452178738;8.22504058254;5.61972368234;3.99095785331;1.81519616862;16.5357637538;23.7214651336
8670796;16801647;28536548;83873134;558778;13437654;33439101;134792339;1003191;6232367;3390210;15560709;144660;7163176;2005458;5604316;3.23017406464;3.39770197868;5.44887089729;4.63950204849;2.92759394646;3.08969092369;3.86888003349;8.76283884048;111;218;604;518;55;92;546;1205;8.64321549934;2.6958693222;8.41733933886;5.39005864064;3.86269874188;1.87593519969;16.6740470257;24.0515236828
8670796;16801647;28536548;83873134;558778;13437654;33439101;134792339;1002915;6192681;3439400;15206326;138463;7199762;2003864;5638571;4.18814086914;3.19384694099;5.37011003494;4.06566095352;3.27535295486;3.14414596558;5.37529301643;9.2279279232;176;184;616;498;123;78;627;1256;8.64559409322;2.71314588948;8.2969552829;5.51567380576;4.03557629114;1.86640252831;16.6873106159;23.9054077709
8670796;16801647;28536548;83873134;558778;13437654;33439101;134792339;1033689;6066093;3462887;15272229;135507;7158496;1998522;5469654;3.39220309258;3.51791214943;4.79886198044;4.69907999039;3.05808186531;3.37439203262;4.48086500168;8.94228601456;146;267;449;521;74;149;590;1165;8.38820573693;2.76976416286;8.24068125815;5.49187246996;4.12360985041;1.87716162725;16.7319153855;24.6436683198
8670796;16801647;28536548;83873134;558778;13437654;33439101;134792339;1023519;6173351;3425176;15214589;138569;7407326;1997510;5651979;3.26846694946;3.32838606834;5.21914100647;5.10296392441;3.15422081947;3.14278483391;4.57184410095;8.36007595062;101;238;619;477;75;102;635;1150;8.47155353247;2.72164129336;8.33141070707;5.51267825901;4.03248922919;1.81410322699;16.7403922884;23.8486977747
8670796;16801647;28536548;83873134;558778;13437654;33439101;134792339;992809;6199966;3455817;15060543;145604;7406614;2003697;5679184;3.03633189201;3.43289589882;5.7833340168;4.70896100998;3.0702650547;3.19738292694;4.53016614914;9.33032107353;156;258;743;530;73;96;588;1246;8.73359931266;2.70995792558;8.25754025748;5.5690644089;3.83765555891;1.81427761728;16.6887014354;23.7344553372
8670796;16801647;28536548;83873134;558778;13437654;33439101;134792339;1033556;6036841;3377520;15358272;134550;7172314;2008033;5467710;3.18480801582;3.58803105354;5.67837405205;4.41559290886;3.91824007034;3.28346586227;3.86508393288;9.24477910995;172;245;676;507;84;96;540;1339;8.38928514759;2.78318527853;8.44896492101;5.46110486909;4.15293942772;1.87354513481;16.6526650707;24.6524301764
8670796;16801647;28536548;83873134;558778;13437654;33439101;134792339;1016046;6395476;3378638;15304574;144402;7178284;2041475;5777257;2.22518801689;3.58382606506;5.73251891136;4.64052081108;2.84944081306;2.25312709808;4.85457396507;7.94675803185;103;293;710;545;82;117;677;1093;8.53386165587;2.62711438523;8.44616913679;5.48026583425;3.86960014404;1.87198695399;16.379872886;23.3315462684
8670796;16801647;28536548;83873134;558778;13437654;33439101;134792339;1037059;6419199;3438564;15234030;135404;7156125;1982310;5688332;3.12237787247;3.29864692688;5.26633906364;4.90752196312;3.0718870163;3.36400198936;4.96358513832;9.23124098778;100;207;615;579;76;96;763;1252;8.36094764136;2.61740553611;8.29897247805;5.50564322113;4.12674662492;1.87778357701;16.8687546347;23.696285484
8670796;16801647;28536548;83873134;558778;13437654;33439101;134792339;1003355;6308416;3402434;14954597;147611;7200240;2008167;5591190;3.1851079464;3.36205601692;5.32583403587;4.91066813469;3.10820603371;3.10023188591;4.93475103378;10.7340278625;141;305;574;587;81;75;690;1330;8.64180275177;2.6633701709;8.38709817736;5.60851850438;3.78547669212;1.86627862405;16.6515538797;24.1079875662
8670796;16801647;28536548;83873134;558778;13437654;33439101;134792339;1025005;6276924;3442517;15454223;148589;7413214;2014963;5632771;3.12847208977;4.52336502075;5.21007299423;5.37051010132;3.10705494881;3.00606107712;4.53551197052;10.3255372047;126;264;596;510;76;105;608;1382;8.45927190599;2.6767325843;8.28944286985;5.42719837807;3.76056101057;1.8126623621;16.5953920742;23.9300228964
8670796;16801647;28536548;83873134;558778;13437654;33439101;134792339;988460;6235007;3422043;15186745;141714;7421446;2014095;5564592;3.26004600525;3.24861598015;5.69224214554;4.65464115143;4.30939888954;2.79168701172;4.04825806618;9.77996611595;159;221;714;517;65;92;519;1203;8.77202517047;2.69472784874;8.33903840484;5.522785429;3.94299786895;1.81065172474;16.6025440707;24.2232204985
8670796;16801647;28536548;83873134;558778;13437654;33439101;134792339;995261;6255403;3453486;15458429;141337;7202042;1972823;5634106;3.09068202972;4.41022992134;5.33407592773;4.66154003143;4.11114907265;3.08388710022;4.32980704308;8.68896484375;115;184;593;519;102;86;646;1236;8.71208255925;2.68594157723;8.26311385076;5.42572172114;3.95351535691;1.86581166841;16.949873861;23.9243526835
8670796;16801647;28536548;83873134;558778;13437654;33439101;134792339;1024677;6363339;3459219;15629500;135088;7135610;2038244;5590618;3.15988087654;3.57891488075;6.35103797913;4.67533993721;3.23785305023;2.80588912964;5.64680290222;9.69345593452;120;244;641;517;69;121;633;1289;8.46197972629;2.64038219557;8.24941930534;5.3663350715;4.13639997631;1.8831822367;16.4058380645;24.1104541573
8670796;16801647;28536548;83873134;558778;13437654;33439101;134792339;1057909;6160649;3435317;15655349;145891;7424089;2018325;5588697;3.03634810448;3.52625513077;4.91331410408;4.39104604721;3.06612300873;3.13780522346;4.50583791733;10.2290930748;132;290;569;484;65;91;642;1355;8.19616432037;2.72725276184;8.30681651795;5.35747456029;3.83010603807;1.8100071268;16.5677485043;24.1187416315
8670796;16801647;28536548;83873134;558778;13437654;33439101;134792339;1038904;6308338;3478036;15166419;140705;7159482;1989799;5581256;3.38846302032;3.55840611458;5.66204190254;4.46925282478;3.08499097824;3.32002902031;5.04453706741;8.63099598885;143;182;557;491;63;112;512;1173;8.34609935085;2.66340310237;8.20478798954;5.53018705338;3.97127323123;1.87690310556;16.805265758;24.1508970382
8670796;16801647;28536548;83873134;558778;13437654;33439101;134792339;1056522;6223476;3422252;15268297;141786;7409178;1969817;5545477;3.06974196434;3.53708696365;5.078799963;4.32888698578;3.36717987061;2.91433191299;4.61862897873;9.16995501518;113;168;606;471;76;114;633;1256;8.20692422874;2.69972070271;8.33852913228;5.49328677586;3.9409955849;1.81364977329;16.9757398784;24.3067168072
8670796;16801647;28536548;83873134;558778;13437654;33439101;134792339;1022561;6191690;3479107;14813977;138107;7124782;1982170;5541296;3.40199708939;3.3736281395;5.67111587524;4.75668811798;2.8382871151;3.06037688255;4.1547999382;8.94555282593;159;286;670;530;56;98;551;1219;8.47949022112;2.71358013725;8.20226224718;5.6617567315;4.04597884249;1.88604423265;16.8699460692;24.3250566294
8670796;16801647;28536548;83873134;558778;13437654;33439101;134792339;1041749;6361627;3421496;15052419;140446;7168698;1982145;5662364;3.46354484558;3.38629293442;5.46109294891;4.27583289146;3.13725996017;3.03245997429;5.14473104477;9.30197477341;144;225;642;531;65;89;780;1329;8.32330628587;2.64109275819;8.34037158015;5.57207011046;3.97859675605;1.87449017939;16.8701588431;23.8049583178
8670796;16801647;28536548;83873134;558778;13437654;33439101;134792339;1002459;6169400;3433862;15164189;136516;7412950;2017535;5528422;3.08022904396;3.47699904442;5.67861199379;4.69008994102;2.92000818253;4.00360798836;4.25651311874;9.71522021294;103;250;531;592;68;88;646;1344;8.64952681357;2.72338428372;8.31033629191;5.53100030605;4.09313194058;1.81272691708;16.5742358869;24.381702229
8670796;16801647;28536548;83873134;558778;13437654;33439101;134792339;1079757;6238160;3429955;15311668;142177;7402638;2003106;5540052;3.15780091286;3.68939113617;5.41686797142;4.66234302521;3.2605919838;3.21777701378;4.95677185059;10.4592900276;92;268;623;541;79;101;713;1359;8.03032163718;2.69336583223;8.31980244639;5.47772678979;3.93015747976;1.81525207635;16.6936252999;24.3305187388
8670796;16801647;28536548;83873134;558778;13437654;33439101;134792339;1014315;6157752;3410721;15839225;148903;7134776;1992188;5600499;3.3414452076;3.44537901878;5.9709250927;4.16571593285;2.95418787003;3.19947504997;4.43815994263;8.60363698006;160;231;591;488;61;113;601;1226;8.54842529195;2.72853583581;8.36672011578;5.2952801668;3.75263090737;1.8834023661;16.785113152;24.0679159125
8670796;16801647;28536548;83873134;558778;13437654;33439101;134792339;1006187;6559420;3396856;15489372;142280;7154368;1996067;5537424;3.17548394203;3.6073281765;5.02921891212;4.11226010323;3.18165302277;3.22367215157;5.65090799332;9.1173081398;117;224;526;395;69;119;678;1238;8.61747965338;2.56145314677;8.40087068748;5.41488279835;3.92731234186;1.87824473105;16.75249428;24.3420657331
8670796;16801647;28536548;83873134;558778;13437654;33439101;134792339;1012276;5689517;3433232;15080347;135686;7406537;2034968;5560636;4.16296386719;3.14079904556;4.85787892342;4.66997981071;3.42798280716;3.369328022;4.57445406914;9.16689300537;116;261;569;565;93;124;655;1274;8.56564415239;2.95308846076;8.31186124328;5.56175093318;4.11816989225;1.81429647891;16.4322490575;24.24045361
8670796;16801647;28536548;83873134;558778;13437654;33439101;134792339;1026403;6224261;3432542;15127111;141835;7410021;2010468;5562244;3.00538897514;3.4281129837;5.04524111748;4.26231694221;1.82463002205;3.25445699692;4.24218988419;9.34781217575;101;212;618;471;56;84;624;1249;8.44775005529;2.69938021558;8.3135320704;5.54455731831;3.93963408186;1.81344344368;16.6324960159;24.2334458898
8670796;16801647;28536548;83873134;558778;13437654;33439101;134792339;1053490;6327999;3371641;14945539;147440;7146492;2018991;5622299;4.31014299393;3.37147688866;6.09929203987;4.32204890251;2.95346283913;3.30784106255;4.15822792053;8.69499111176;108;225;654;531;52;136;557;1181;8.23054419121;2.65512794803;8.46369705434;5.61191764312;3.78986706457;1.88031470545;16.5622833386;23.9745945564
8670796;16801647;28536548;83873134;558778;13437654;33439101;134792339;1056531;6347558;3435314;15335781;146291;7200494;1964752;5635175;3.33694505692;2.7158010006;5.31651997566;4.45186090469;2.92189288139;3.24520111084;4.52142906189;8.77461504936;157;149;664;444;74;87;568;1211;8.20685431852;2.64694658954;8.30682377215;5.46911396296;3.81963347027;1.8662127904;17.0195022069;23.9198142028
8670796;16801647;28536548;83873134;558778;13437654;33439101;134792339;1024861;6310625;3397457;15535883;147996;7151069;2035310;5697416;4.3922150135;3.44761991501;4.97549080849;5.30776596069;3.10274505615;3.1125330925;4.29776310921;8.96246099472;136;171;597;472;85;95;625;1300;8.46046049172;2.66243787264;8.39938459854;5.39867183603;3.77562907106;1.87911122099;16.4294878913;23.6585039604
8670796;16801647;28536548;83873134;558778;13437654;33439101;134792339;1020022;6191836;3406804;14956587;138131;7415857;2002180;5560455;3.23530197144;3.34047603607;5.57187891006;4.12835597992;2.86097192764;3.28512811661;5.01564192772;9.42475509644;139;228;656;548;63;102;757;1268;8.50059704595;2.71351615256;8.37633981879;5.6077722812;4.04527586132;1.81201633203;16.7013460328;24.2412426681
8670796;16801647;28536548;83873134;558778;13437654;33439101;134792339;1005367;6169926;3466814;15257267;137606;7406614;1983403;5686046;3.27392792702;4.58911705017;5.18241786957;4.79134297371;2.97796988487;3.35342621803;4.623472929;9.18921899796;146;274;615;559;58;114;659;1235;8.62450826415;2.72315210912;8.23134670623;5.4972580607;4.06070956208;1.81427761728;16.8594587182;23.7058122639
8670796;16801647;28536548;83873134;558778;13437654;33439101;134792339;979010;6135186;3468841;15344524;145604;7156372;2035153;5618960;3.28193879128;3.34330511093;5.20926403999;4.19171714783;3.25246691704;3.32150387764;4.93230700493;10.0566899776;112;195;583;402;71;90;588;1463;8.85669809297;2.73857174012;8.22653675968;5.46599777223;3.83765555891;1.87771876588;16.430755329;23.9888411735
8670796;16801647;28536548;83873134;558778;13437654;33439101;134792339;1080075;6591440;3478735;15768468;141178;7422040;1996437;5636259;3.17015385628;3.23477602005;4.97511100769;4.41130900383;2.98666000366;3.08889508247;4.55627799034;9.34806203842;98;161;587;443;59;104;644;1247;8.02795731778;2.54901007974;8.20313935957;5.31904139324;3.95796795535;1.81050681484;16.7493895375;23.915213797
8670796;16801647;28536548;83873134;558778;13437654;33439101;134792339;959638;6183340;3431303;15264199;140881;7167400;2012272;5610624;3.01045107841;4.7058300972;4.88761711121;4.21708393097;3.09784889221;3.0684568882;4.75944113731;9.44753408432;124;316;513;465;75;76;660;1257;9.03548629796;2.71724456362;8.31653398141;5.49476156594;3.96631199381;1.87482964534;16.6175849984;24.02448266
8670796;16801647;28536548;83873134;558778;13437654;33439101;134792339;1001878;6116872;3419278;15183829;144075;7143317;2019048;5459124;3.26657700539;3.38752698898;5.41587591171;5.44206500053;4.20658516884;3.17122602463;4.65416407585;9.35054278374;124;219;669;543;81;89;634;1308;8.65454276868;2.74677106207;8.3457817703;5.52384606017;3.87838278674;1.88115045153;16.5618157666;24.6912030209
8670796;16801647;28536548;83873134;558778;13437654;33439101;134792339;1051001;6184222;3405853;15388679;150717;7193892;1997822;5576745;3.27384614944;4.46481704712;5.53138017654;5.80769300461;4.32712697983;3.24984502792;5.03692698479;9.39923000336;98;297;546;534;72;85;777;1264;8.25003591814;2.71685702745;8.37867870398;5.45031409129;3.70746498404;1.86792545676;16.7377779402;24.1704325731
8670796;16801647;28536548;83873134;558778;13437654;33439101;134792339;987737;6363937;3426428;15173154;138402;7405534;2054246;5526235;3.11035990715;3.32827806473;5.10945105553;4.58010697365;3.05330610275;4.40304088593;4.23588991165;9.78037500381;142;287;602;441;81;97;647;1170;8.77844608433;2.64013408681;8.32836645043;5.52773233568;4.03735495152;1.81454220587;16.2780411888;24.3913512545
8670796;16801647;28536548;83873134;558778;13437654;33439101;134792339;1012985;6343562;3409174;15387416;148099;7202770;2012812;5565724;3.25100183487;3.33013892174;4.97251391411;4.42021107674;3.18627715111;3.59157586098;5.6468360424;8.5846850872;152;211;542;457;55;120;714;1241;8.55964895828;2.6486139806;8.37051672927;5.45076145339;3.77300319381;1.86562308667;16.6131268097;24.2182937925
8670796;16801647;28536548;83873134;558778;13437654;33439101;134792339;966752;6331368;3470907;15193480;149736;7421446;1962995;5495937;3.18440699577;3.18283200264;5.13653206825;4.32284116745;2.9386100769;3.28192901611;4.4541349411;9.46655297279;121;181;652;467;57;104;607;1310;8.96899721956;2.65371512128;8.2216400497;5.52033727625;3.73175455468;1.81065172474;17.0347356972;24.5258158891
8670796;16801647;28536548;83873134;558778;13437654;33439101;134792339;1042986;6189593;3384360;15567125;139084;7138755;1980916;5555181;3.32820105553;3.19605302811;5.45297813416;4.65386891365;3.35763502121;3.03282094002;4.67479491234;8.76468110085;120;224;647;536;91;70;665;1174;8.31343469615;2.71449948325;8.43188904254;5.38783712471;4.01755773489;1.8823525951;16.8806254278;24.2642569162

